,1,2,3,4,5,6,7,8,9,10,11,12,13,14,15,16,17,18,19,20,21,22,23,24,25,26,27,28,29
0,Dropout,Dropout,Pass,Pass,Pass,Pass,Pass,Pass,Pass,Pass,Dropout,Dropout,Dropout,Dropout,Dropout,Dropout,Dropout,Dropout,Dropout,Dropout,Dropout,Dropout,Dropout,Dropout,Dropout,Dropout,Dropout,Dropout,Dropout
1,Dropout,Dropout,Dropout,Dropout,Fail,Fail,Fail,Fail,Fail,Fail,Fail,Fail,Fail,Fail,Dropout,Dropout,Fail,Dropout,Fail,Fail,Fail,Dropout,Fail,Dropout,Fail,Fail,Dropout,Dropout,Dropout
2,Pass,Pass,Pass,Pass,Pass,Pass,Pass,Pass,Pass,Pass,Pass,Pass,Pass,Pass,Pass,Pass,Pass,Pass,Pass,Pass,Pass,Pass,Pass,Pass,Pass,Pass,Pass,Pass,Pass
3,Pass,Pass,Pass,Pass,Pass,Pass,Pass,Pass,Pass,Pass,Pass,Pass,Pass,Pass,Pass,Pass,Pass,Pass,Pass,Pass,Pass,Pass,Pass,Pass,Pass,Pass,Pass,Pass,Pass
4,Dropout,Dropout,Dropout,Dropout,Dropout,Dropout,Dropout,Dropout,Dropout,Fail,Fail,Fail,Fail,Dropout,Dropout,Dropout,Dropout,Dropout,Dropout,Dropout,Dropout,Dropout,Dropout,Dropout,Dropout,Dropout,Dropout,Dropout,Dropout
5,Dropout,Dropout,Pass,Pass,Dropout,Dropout,Pass,Dropout,Fail,Fail,Fail,Fail,Dropout,Dropout,Fail,Fail,Fail,Fail,Fail,Fail,Fail,Fail,Dropout,Dropout,Fail,Fail,Fail,Fail,Fail
6,Dropout,Dropout,Dropout,Dropout,Dropout,Dropout,Dropout,Dropout,Dropout,Dropout,Dropout,Dropout,Dropout,Dropout,Dropout,Dropout,Dropout,Dropout,Dropout,Dropout,Dropout,Dropout,Dropout,Dropout,Dropout,Dropout,Dropout,Dropout,Dropout
7,Pass,Pass,Pass,Pass,Pass,Pass,Pass,Pass,Pass,Pass,Pass,Pass,Pass,Pass,Pass,Pass,Pass,Pass,Pass,Pass,Pass,Pass,Pass,Pass,Pass,Pass,Pass,Pass,Pass
8,Pass,Pass,Pass,Pass,Pass,Pass,Pass,Pass,Pass,Pass,Pass,Pass,Pass,Pass,Pass,Pass,Pass,Pass,Pass,Pass,Pass,Pass,Pass,Pass,Pass,Pass,Pass,Pass,Pass
9,Dropout,Dropout,Pass,Dropout,Dropout,Pass,Pass,Dropout,Dropout,Dropout,Dropout,Dropout,Dropout,Dropout,Dropout,Dropout,Dropout,Dropout,Dropout,Dropout,Dropout,Dropout,Dropout,Dropout,Dropout,Dropout,Dropout,Dropout,Dropout
10,Pass,Pass,Pass,Pass,Pass,Pass,Pass,Pass,Pass,Pass,Pass,Pass,Pass,Pass,Pass,Pass,Pass,Pass,Pass,Pass,Pass,Pass,Pass,Pass,Pass,Pass,Pass,Pass,Pass
11,Dropout,Dropout,Dropout,Dropout,Pass,Pass,Pass,Pass,Pass,Pass,Pass,Pass,Pass,Pass,Pass,Pass,Pass,Pass,Pass,Pass,Pass,Pass,Pass,Pass,Pass,Pass,Pass,Pass,Pass
12,Pass,Pass,Pass,Pass,Pass,Pass,Pass,Pass,Pass,Pass,Pass,Pass,Pass,Pass,Pass,Pass,Pass,Pass,Pass,Pass,Pass,Pass,Pass,Pass,Pass,Pass,Pass,Pass,Pass
13,Dropout,Dropout,Dropout,Dropout,Dropout,Dropout,Dropout,Dropout,Dropout,Dropout,Dropout,Dropout,Dropout,Dropout,Dropout,Dropout,Dropout,Dropout,Dropout,Dropout,Dropout,Dropout,Dropout,Dropout,Dropout,Dropout,Dropout,Dropout,Dropout
14,Pass,Pass,Pass,Pass,Pass,Pass,Pass,Pass,Pass,Pass,Pass,Pass,Pass,Pass,Pass,Pass,Pass,Pass,Pass,Pass,Pass,Pass,Pass,Pass,Pass,Pass,Pass,Pass,Pass
15,Pass,Pass,Pass,Pass,Pass,Pass,Pass,Pass,Pass,Pass,Pass,Pass,Pass,Pass,Pass,Pass,Pass,Pass,Pass,Pass,Dropout,Fail,Dropout,Dropout,Dropout,Fail,Fail,Fail,Dropout
16,Dropout,Dropout,Dropout,Dropout,Dropout,Dropout,Dropout,Dropout,Dropout,Dropout,Dropout,Dropout,Dropout,Dropout,Dropout,Dropout,Dropout,Dropout,Dropout,Dropout,Dropout,Dropout,Dropout,Dropout,Dropout,Dropout,Dropout,Dropout,Dropout
17,Dropout,Dropout,Dropout,Dropout,Dropout,Dropout,Fail,Fail,Fail,Fail,Fail,Fail,Fail,Fail,Fail,Fail,Pass,Pass,Pass,Pass,Pass,Pass,Pass,Pass,Pass,Pass,Pass,Pass,Pass
18,Dropout,Dropout,Dropout,Dropout,Dropout,Dropout,Dropout,Dropout,Dropout,Dropout,Dropout,Dropout,Dropout,Dropout,Dropout,Dropout,Dropout,Dropout,Dropout,Dropout,Dropout,Dropout,Dropout,Dropout,Dropout,Dropout,Dropout,Dropout,Dropout
19,Pass,Pass,Pass,Pass,Pass,Pass,Pass,Pass,Pass,Pass,Pass,Pass,Pass,Pass,Pass,Pass,Pass,Pass,Pass,Pass,Pass,Pass,Pass,Pass,Pass,Pass,Pass,Pass,Pass
20,Dropout,Dropout,Dropout,Dropout,Dropout,Dropout,Dropout,Dropout,Dropout,Dropout,Dropout,Dropout,Dropout,Dropout,Dropout,Dropout,Dropout,Dropout,Dropout,Dropout,Dropout,Dropout,Dropout,Dropout,Dropout,Dropout,Dropout,Dropout,Dropout
21,Pass,Pass,Pass,Pass,Pass,Pass,Pass,Pass,Pass,Pass,Pass,Pass,Pass,Pass,Pass,Pass,Pass,Pass,Pass,Pass,Pass,Pass,Pass,Pass,Pass,Pass,Pass,Pass,Pass
22,Dropout,Dropout,Dropout,Dropout,Dropout,Dropout,Dropout,Dropout,Dropout,Dropout,Dropout,Dropout,Dropout,Dropout,Dropout,Dropout,Dropout,Dropout,Dropout,Dropout,Dropout,Dropout,Dropout,Dropout,Dropout,Dropout,Dropout,Dropout,Dropout
23,Dropout,Dropout,Dropout,Dropout,Dropout,Dropout,Dropout,Dropout,Dropout,Dropout,Dropout,Dropout,Dropout,Dropout,Dropout,Dropout,Dropout,Dropout,Dropout,Dropout,Dropout,Dropout,Dropout,Dropout,Dropout,Dropout,Dropout,Dropout,Dropout
24,Pass,Pass,Pass,Pass,Pass,Pass,Pass,Pass,Pass,Pass,Pass,Pass,Pass,Pass,Pass,Pass,Pass,Pass,Pass,Pass,Pass,Pass,Pass,Pass,Pass,Pass,Pass,Pass,Pass
25,Pass,Pass,Pass,Pass,Pass,Pass,Pass,Pass,Pass,Pass,Pass,Pass,Pass,Pass,Pass,Pass,Pass,Pass,Pass,Pass,Pass,Pass,Pass,Pass,Pass,Pass,Pass,Pass,Pass
26,Dropout,Dropout,Dropout,Dropout,Fail,Fail,Dropout,Dropout,Fail,Fail,Dropout,Dropout,Dropout,Dropout,Fail,Fail,Fail,Dropout,Dropout,Dropout,Dropout,Dropout,Dropout,Dropout,Dropout,Dropout,Dropout,Dropout,Dropout
27,Dropout,Dropout,Dropout,Dropout,Fail,Fail,Fail,Dropout,Fail,Dropout,Dropout,Dropout,Fail,Fail,Dropout,Dropout,Dropout,Dropout,Dropout,Dropout,Dropout,Dropout,Dropout,Dropout,Dropout,Dropout,Dropout,Dropout,Dropout
28,Pass,Pass,Pass,Pass,Pass,Pass,Pass,Pass,Pass,Pass,Pass,Pass,Pass,Pass,Pass,Pass,Pass,Pass,Pass,Pass,Pass,Pass,Pass,Pass,Pass,Pass,Pass,Pass,Pass
29,Dropout,Dropout,Dropout,Dropout,Dropout,Dropout,Dropout,Dropout,Dropout,Fail,Fail,Fail,Fail,Dropout,Dropout,Dropout,Dropout,Dropout,Dropout,Dropout,Dropout,Dropout,Dropout,Dropout,Dropout,Dropout,Dropout,Dropout,Dropout
30,Dropout,Dropout,Dropout,Dropout,Pass,Pass,Pass,Pass,Pass,Pass,Pass,Pass,Pass,Pass,Pass,Pass,Pass,Dropout,Dropout,Dropout,Dropout,Dropout,Dropout,Dropout,Dropout,Dropout,Dropout,Dropout,Dropout
31,Pass,Pass,Pass,Pass,Pass,Pass,Pass,Pass,Pass,Pass,Fail,Fail,Pass,Pass,Fail,Fail,Fail,Fail,Fail,Fail,Fail,Fail,Fail,Fail,Fail,Fail,Fail,Fail,Fail
32,Dropout,Dropout,Dropout,Dropout,Dropout,Dropout,Dropout,Dropout,Dropout,Dropout,Dropout,Dropout,Dropout,Dropout,Dropout,Dropout,Dropout,Dropout,Dropout,Dropout,Dropout,Dropout,Dropout,Dropout,Dropout,Dropout,Dropout,Dropout,Dropout
33,Dropout,Dropout,Dropout,Dropout,Dropout,Dropout,Dropout,Dropout,Dropout,Dropout,Dropout,Dropout,Dropout,Dropout,Dropout,Dropout,Dropout,Dropout,Dropout,Dropout,Dropout,Dropout,Dropout,Dropout,Dropout,Dropout,Dropout,Dropout,Dropout
34,Pass,Pass,Pass,Pass,Pass,Pass,Pass,Pass,Pass,Pass,Pass,Pass,Pass,Pass,Pass,Pass,Pass,Pass,Pass,Pass,Pass,Pass,Pass,Pass,Pass,Pass,Pass,Pass,Pass
35,Pass,Pass,Pass,Pass,Pass,Pass,Pass,Pass,Pass,Pass,Pass,Pass,Pass,Pass,Pass,Pass,Pass,Pass,Pass,Pass,Pass,Pass,Pass,Pass,Pass,Pass,Pass,Pass,Pass
36,Dropout,Dropout,Dropout,Dropout,Dropout,Dropout,Dropout,Dropout,Dropout,Dropout,Dropout,Dropout,Dropout,Dropout,Dropout,Dropout,Dropout,Dropout,Dropout,Dropout,Dropout,Dropout,Dropout,Dropout,Dropout,Dropout,Dropout,Dropout,Dropout
37,Dropout,Dropout,Dropout,Dropout,Fail,Fail,Dropout,Dropout,Fail,Fail,Dropout,Dropout,Dropout,Dropout,Fail,Fail,Fail,Fail,Fail,Fail,Dropout,Fail,Fail,Fail,Fail,Fail,Fail,Dropout,Dropout
38,Pass,Pass,Pass,Pass,Pass,Pass,Pass,Pass,Pass,Pass,Pass,Pass,Pass,Pass,Pass,Pass,Pass,Pass,Pass,Pass,Pass,Pass,Pass,Pass,Pass,Pass,Pass,Pass,Pass
39,Dropout,Dropout,Dropout,Dropout,Fail,Fail,Fail,Fail,Dropout,Dropout,Dropout,Dropout,Dropout,Dropout,Dropout,Dropout,Dropout,Dropout,Dropout,Dropout,Dropout,Dropout,Dropout,Dropout,Dropout,Dropout,Dropout,Dropout,Dropout
40,Pass,Pass,Pass,Pass,Pass,Pass,Pass,Pass,Pass,Pass,Pass,Pass,Pass,Pass,Pass,Pass,Pass,Pass,Pass,Pass,Pass,Pass,Pass,Pass,Pass,Pass,Pass,Pass,Pass
41,Dropout,Dropout,Dropout,Dropout,Fail,Fail,Dropout,Fail,Fail,Dropout,Dropout,Dropout,Dropout,Dropout,Dropout,Dropout,Dropout,Dropout,Dropout,Dropout,Dropout,Dropout,Dropout,Dropout,Dropout,Dropout,Dropout,Dropout,Dropout
42,Pass,Pass,Pass,Pass,Pass,Pass,Pass,Pass,Pass,Pass,Pass,Pass,Pass,Pass,Pass,Pass,Pass,Pass,Pass,Pass,Pass,Pass,Pass,Pass,Pass,Pass,Pass,Pass,Pass
43,Pass,Pass,Pass,Pass,Pass,Pass,Pass,Pass,Pass,Pass,Pass,Pass,Pass,Pass,Pass,Pass,Pass,Pass,Pass,Pass,Pass,Pass,Pass,Pass,Pass,Pass,Pass,Pass,Pass
44,Pass,Pass,Pass,Pass,Pass,Pass,Pass,Pass,Pass,Pass,Pass,Pass,Dropout,Dropout,Dropout,Dropout,Dropout,Dropout,Dropout,Dropout,Dropout,Dropout,Dropout,Dropout,Dropout,Dropout,Dropout,Dropout,Dropout
45,Dropout,Dropout,Dropout,Dropout,Dropout,Pass,Pass,Pass,Pass,Pass,Pass,Pass,Pass,Pass,Pass,Pass,Pass,Pass,Pass,Pass,Pass,Fail,Fail,Fail,Fail,Fail,Fail,Fail,Fail
46,Dropout,Dropout,Dropout,Dropout,Fail,Fail,Fail,Fail,Dropout,Dropout,Dropout,Dropout,Dropout,Dropout,Dropout,Dropout,Dropout,Dropout,Dropout,Dropout,Dropout,Dropout,Dropout,Dropout,Dropout,Dropout,Dropout,Dropout,Dropout
47,Dropout,Dropout,Dropout,Dropout,Pass,Dropout,Dropout,Dropout,Pass,Pass,Pass,Pass,Pass,Pass,Pass,Pass,Pass,Pass,Pass,Pass,Pass,Pass,Pass,Pass,Pass,Pass,Pass,Pass,Pass
48,Dropout,Dropout,Dropout,Dropout,Fail,Fail,Fail,Fail,Dropout,Dropout,Dropout,Dropout,Dropout,Dropout,Dropout,Dropout,Dropout,Dropout,Dropout,Dropout,Dropout,Dropout,Dropout,Dropout,Dropout,Dropout,Dropout,Dropout,Dropout
49,Pass,Pass,Pass,Pass,Pass,Pass,Pass,Pass,Pass,Pass,Pass,Pass,Pass,Pass,Pass,Pass,Pass,Pass,Pass,Pass,Pass,Pass,Pass,Pass,Pass,Pass,Pass,Pass,Pass
50,Dropout,Dropout,Dropout,Dropout,Fail,Fail,Dropout,Dropout,Fail,Fail,Dropout,Dropout,Dropout,Dropout,Dropout,Dropout,Dropout,Dropout,Dropout,Dropout,Dropout,Dropout,Dropout,Dropout,Dropout,Dropout,Dropout,Dropout,Dropout
51,Dropout,Dropout,Dropout,Dropout,Dropout,Dropout,Dropout,Dropout,Dropout,Dropout,Dropout,Dropout,Dropout,Dropout,Dropout,Dropout,Dropout,Dropout,Dropout,Dropout,Dropout,Dropout,Dropout,Dropout,Dropout,Dropout,Dropout,Dropout,Dropout
52,Pass,Dropout,Dropout,Pass,Pass,Pass,Pass,Pass,Pass,Pass,Pass,Pass,Pass,Pass,Pass,Pass,Pass,Pass,Pass,Pass,Pass,Pass,Pass,Pass,Pass,Pass,Pass,Pass,Pass
53,Dropout,Dropout,Dropout,Dropout,Dropout,Dropout,Dropout,Dropout,Dropout,Dropout,Dropout,Dropout,Dropout,Dropout,Dropout,Dropout,Dropout,Dropout,Dropout,Dropout,Dropout,Dropout,Dropout,Dropout,Dropout,Dropout,Dropout,Dropout,Dropout
54,Dropout,Dropout,Dropout,Pass,Pass,Pass,Pass,Pass,Pass,Pass,Pass,Pass,Pass,Pass,Dropout,Dropout,Dropout,Dropout,Dropout,Dropout,Dropout,Dropout,Dropout,Dropout,Dropout,Dropout,Dropout,Dropout,Dropout
55,Pass,Pass,Pass,Pass,Pass,Pass,Pass,Pass,Pass,Pass,Pass,Pass,Dropout,Dropout,Pass,Dropout,Pass,Pass,Pass,Pass,Pass,Pass,Pass,Pass,Pass,Pass,Pass,Pass,Pass
56,Pass,Pass,Pass,Pass,Pass,Pass,Pass,Pass,Pass,Pass,Pass,Pass,Pass,Pass,Pass,Pass,Pass,Pass,Pass,Pass,Pass,Pass,Pass,Pass,Pass,Pass,Pass,Pass,Pass
57,Pass,Pass,Pass,Pass,Pass,Pass,Pass,Pass,Pass,Pass,Pass,Pass,Pass,Pass,Pass,Pass,Pass,Pass,Pass,Pass,Pass,Pass,Pass,Pass,Pass,Pass,Pass,Pass,Pass
58,Dropout,Dropout,Dropout,Dropout,Fail,Fail,Dropout,Dropout,Dropout,Dropout,Dropout,Dropout,Dropout,Dropout,Dropout,Dropout,Dropout,Dropout,Dropout,Dropout,Dropout,Dropout,Dropout,Dropout,Dropout,Dropout,Dropout,Dropout,Dropout
59,Pass,Pass,Pass,Pass,Pass,Pass,Pass,Pass,Pass,Pass,Pass,Pass,Pass,Pass,Pass,Pass,Pass,Pass,Pass,Pass,Pass,Pass,Pass,Pass,Pass,Pass,Pass,Pass,Pass
60,Dropout,Dropout,Dropout,Dropout,Fail,Fail,Fail,Dropout,Fail,Dropout,Fail,Pass,Fail,Fail,Fail,Dropout,Dropout,Dropout,Dropout,Dropout,Dropout,Dropout,Dropout,Dropout,Dropout,Dropout,Dropout,Dropout,Dropout
61,Dropout,Dropout,Dropout,Dropout,Dropout,Pass,Dropout,Dropout,Dropout,Dropout,Dropout,Dropout,Dropout,Dropout,Dropout,Dropout,Pass,Pass,Pass,Pass,Pass,Pass,Pass,Pass,Pass,Pass,Dropout,Pass,Dropout
62,Dropout,Dropout,Dropout,Dropout,Dropout,Dropout,Dropout,Dropout,Dropout,Fail,Fail,Fail,Fail,Dropout,Dropout,Dropout,Dropout,Dropout,Dropout,Dropout,Dropout,Dropout,Dropout,Dropout,Dropout,Dropout,Dropout,Dropout,Dropout
63,Dropout,Dropout,Dropout,Dropout,Dropout,Dropout,Dropout,Dropout,Dropout,Dropout,Dropout,Dropout,Dropout,Dropout,Dropout,Dropout,Dropout,Dropout,Dropout,Dropout,Dropout,Dropout,Dropout,Dropout,Dropout,Dropout,Dropout,Dropout,Dropout
64,Pass,Pass,Pass,Pass,Pass,Pass,Pass,Pass,Pass,Pass,Pass,Pass,Pass,Pass,Pass,Pass,Pass,Pass,Pass,Pass,Pass,Pass,Pass,Pass,Pass,Pass,Pass,Pass,Pass
65,Pass,Pass,Pass,Pass,Pass,Pass,Pass,Pass,Pass,Pass,Pass,Pass,Pass,Pass,Pass,Pass,Pass,Pass,Pass,Pass,Pass,Pass,Pass,Pass,Pass,Pass,Pass,Pass,Pass
66,Pass,Pass,Pass,Pass,Pass,Pass,Pass,Pass,Pass,Pass,Pass,Pass,Pass,Pass,Pass,Pass,Pass,Pass,Pass,Pass,Pass,Pass,Pass,Pass,Pass,Pass,Pass,Pass,Pass
67,Dropout,Dropout,Dropout,Dropout,Dropout,Dropout,Dropout,Dropout,Dropout,Dropout,Dropout,Dropout,Dropout,Dropout,Dropout,Dropout,Dropout,Dropout,Dropout,Dropout,Dropout,Dropout,Dropout,Dropout,Dropout,Dropout,Dropout,Dropout,Dropout
68,Dropout,Dropout,Dropout,Dropout,Dropout,Dropout,Dropout,Dropout,Dropout,Dropout,Dropout,Dropout,Dropout,Dropout,Dropout,Dropout,Dropout,Dropout,Dropout,Dropout,Dropout,Dropout,Dropout,Dropout,Dropout,Dropout,Dropout,Dropout,Dropout
69,Dropout,Dropout,Dropout,Dropout,Dropout,Dropout,Dropout,Dropout,Dropout,Dropout,Dropout,Dropout,Dropout,Dropout,Dropout,Dropout,Dropout,Dropout,Dropout,Dropout,Dropout,Dropout,Dropout,Dropout,Dropout,Dropout,Dropout,Dropout,Dropout
70,Pass,Pass,Pass,Pass,Pass,Pass,Pass,Pass,Pass,Pass,Pass,Pass,Pass,Pass,Pass,Pass,Pass,Pass,Pass,Pass,Pass,Pass,Pass,Pass,Pass,Pass,Pass,Pass,Pass
71,Dropout,Dropout,Dropout,Dropout,Dropout,Dropout,Dropout,Dropout,Dropout,Dropout,Dropout,Dropout,Dropout,Dropout,Dropout,Dropout,Dropout,Dropout,Dropout,Dropout,Dropout,Dropout,Dropout,Dropout,Dropout,Dropout,Dropout,Dropout,Dropout
72,Pass,Pass,Pass,Pass,Pass,Pass,Pass,Pass,Pass,Pass,Pass,Pass,Pass,Pass,Pass,Pass,Pass,Pass,Pass,Pass,Pass,Pass,Pass,Pass,Pass,Pass,Pass,Pass,Pass
73,Dropout,Dropout,Dropout,Dropout,Dropout,Dropout,Dropout,Dropout,Dropout,Dropout,Dropout,Dropout,Dropout,Dropout,Dropout,Dropout,Dropout,Dropout,Dropout,Dropout,Dropout,Dropout,Dropout,Dropout,Dropout,Dropout,Dropout,Dropout,Dropout
74,Dropout,Dropout,Dropout,Dropout,Dropout,Dropout,Dropout,Dropout,Dropout,Dropout,Dropout,Dropout,Dropout,Dropout,Dropout,Dropout,Dropout,Dropout,Dropout,Dropout,Dropout,Dropout,Dropout,Dropout,Dropout,Dropout,Dropout,Dropout,Dropout
75,Pass,Pass,Pass,Pass,Pass,Pass,Pass,Pass,Pass,Pass,Pass,Pass,Pass,Pass,Pass,Pass,Pass,Pass,Pass,Pass,Pass,Pass,Pass,Pass,Pass,Pass,Pass,Pass,Pass
76,Pass,Pass,Pass,Pass,Pass,Pass,Pass,Pass,Pass,Pass,Pass,Pass,Pass,Pass,Pass,Pass,Pass,Pass,Pass,Pass,Pass,Pass,Pass,Pass,Pass,Pass,Pass,Pass,Pass
77,Dropout,Dropout,Dropout,Dropout,Dropout,Dropout,Dropout,Dropout,Dropout,Dropout,Dropout,Dropout,Dropout,Dropout,Dropout,Dropout,Dropout,Dropout,Dropout,Dropout,Dropout,Dropout,Dropout,Dropout,Dropout,Dropout,Dropout,Dropout,Dropout
78,Pass,Pass,Pass,Pass,Pass,Pass,Pass,Pass,Pass,Pass,Pass,Pass,Pass,Pass,Pass,Pass,Pass,Pass,Pass,Pass,Pass,Pass,Pass,Pass,Pass,Pass,Pass,Pass,Pass
79,Pass,Pass,Pass,Pass,Pass,Pass,Pass,Pass,Pass,Pass,Pass,Pass,Pass,Pass,Pass,Pass,Pass,Pass,Pass,Pass,Pass,Pass,Pass,Pass,Pass,Pass,Pass,Pass,Pass
80,Dropout,Dropout,Dropout,Pass,Dropout,Dropout,Dropout,Dropout,Dropout,Dropout,Dropout,Dropout,Dropout,Dropout,Dropout,Dropout,Dropout,Dropout,Dropout,Dropout,Dropout,Dropout,Dropout,Dropout,Dropout,Dropout,Dropout,Dropout,Dropout
81,Pass,Pass,Pass,Pass,Pass,Pass,Pass,Pass,Pass,Pass,Pass,Pass,Pass,Pass,Pass,Pass,Pass,Pass,Pass,Pass,Pass,Pass,Pass,Pass,Pass,Pass,Pass,Pass,Pass
82,Pass,Pass,Pass,Pass,Pass,Pass,Pass,Pass,Pass,Pass,Pass,Pass,Pass,Pass,Pass,Pass,Pass,Pass,Pass,Pass,Pass,Pass,Pass,Pass,Pass,Pass,Pass,Pass,Pass
83,Dropout,Dropout,Dropout,Dropout,Dropout,Dropout,Dropout,Dropout,Dropout,Dropout,Dropout,Dropout,Dropout,Dropout,Dropout,Dropout,Dropout,Dropout,Dropout,Dropout,Dropout,Dropout,Dropout,Dropout,Dropout,Dropout,Dropout,Dropout,Dropout
84,Pass,Pass,Pass,Pass,Pass,Pass,Pass,Pass,Pass,Pass,Pass,Pass,Pass,Pass,Pass,Pass,Pass,Pass,Pass,Pass,Pass,Pass,Pass,Pass,Pass,Pass,Pass,Pass,Pass
85,Dropout,Dropout,Dropout,Dropout,Dropout,Dropout,Dropout,Dropout,Dropout,Dropout,Dropout,Dropout,Dropout,Dropout,Dropout,Dropout,Dropout,Dropout,Dropout,Dropout,Dropout,Dropout,Dropout,Dropout,Dropout,Dropout,Dropout,Dropout,Dropout
86,Pass,Pass,Pass,Pass,Pass,Pass,Pass,Pass,Pass,Pass,Pass,Pass,Pass,Pass,Pass,Pass,Pass,Pass,Pass,Pass,Pass,Pass,Pass,Pass,Pass,Pass,Pass,Pass,Pass
87,Dropout,Dropout,Dropout,Dropout,Dropout,Dropout,Dropout,Dropout,Dropout,Dropout,Dropout,Dropout,Dropout,Dropout,Dropout,Dropout,Dropout,Dropout,Dropout,Dropout,Dropout,Dropout,Dropout,Dropout,Dropout,Dropout,Dropout,Dropout,Dropout
88,Pass,Pass,Pass,Pass,Pass,Pass,Pass,Pass,Pass,Pass,Pass,Pass,Pass,Pass,Pass,Pass,Pass,Pass,Pass,Pass,Pass,Pass,Pass,Pass,Pass,Pass,Pass,Pass,Pass
89,Pass,Pass,Pass,Pass,Pass,Pass,Pass,Pass,Pass,Pass,Pass,Pass,Pass,Pass,Pass,Pass,Pass,Pass,Pass,Pass,Pass,Pass,Pass,Pass,Pass,Pass,Dropout,Dropout,Dropout
90,Pass,Pass,Pass,Pass,Pass,Pass,Pass,Pass,Pass,Pass,Pass,Pass,Pass,Pass,Pass,Pass,Pass,Pass,Pass,Pass,Pass,Pass,Pass,Pass,Pass,Pass,Pass,Pass,Pass
91,Dropout,Dropout,Dropout,Dropout,Dropout,Dropout,Dropout,Dropout,Dropout,Fail,Fail,Fail,Fail,Dropout,Dropout,Dropout,Dropout,Dropout,Dropout,Dropout,Dropout,Dropout,Dropout,Dropout,Dropout,Dropout,Dropout,Dropout,Dropout
92,Dropout,Dropout,Dropout,Dropout,Dropout,Dropout,Fail,Dropout,Dropout,Dropout,Dropout,Dropout,Dropout,Dropout,Dropout,Dropout,Dropout,Dropout,Dropout,Dropout,Dropout,Dropout,Dropout,Dropout,Dropout,Dropout,Dropout,Dropout,Dropout
93,Pass,Pass,Pass,Pass,Pass,Pass,Pass,Pass,Pass,Pass,Pass,Pass,Pass,Pass,Pass,Pass,Pass,Pass,Pass,Pass,Pass,Pass,Pass,Pass,Pass,Pass,Pass,Pass,Pass
94,Dropout,Dropout,Dropout,Dropout,Dropout,Dropout,Dropout,Dropout,Dropout,Dropout,Dropout,Dropout,Dropout,Dropout,Dropout,Dropout,Dropout,Dropout,Dropout,Dropout,Dropout,Dropout,Dropout,Dropout,Dropout,Dropout,Dropout,Dropout,Dropout
95,Dropout,Dropout,Dropout,Dropout,Dropout,Dropout,Dropout,Dropout,Dropout,Dropout,Dropout,Dropout,Dropout,Dropout,Fail,Dropout,Dropout,Dropout,Dropout,Dropout,Dropout,Dropout,Dropout,Dropout,Dropout,Dropout,Dropout,Dropout,Dropout
96,Dropout,Dropout,Dropout,Dropout,Dropout,Dropout,Dropout,Dropout,Dropout,Dropout,Dropout,Dropout,Dropout,Dropout,Dropout,Dropout,Dropout,Dropout,Dropout,Dropout,Dropout,Dropout,Dropout,Dropout,Dropout,Dropout,Dropout,Dropout,Dropout
97,Pass,Pass,Pass,Pass,Pass,Pass,Pass,Pass,Pass,Pass,Pass,Pass,Pass,Pass,Pass,Pass,Pass,Pass,Pass,Pass,Pass,Pass,Pass,Pass,Pass,Pass,Pass,Pass,Pass
98,Dropout,Dropout,Dropout,Dropout,Fail,Fail,Fail,Fail,Fail,Fail,Fail,Fail,Fail,Fail,Dropout,Dropout,Fail,Dropout,Fail,Fail,Fail,Dropout,Fail,Dropout,Fail,Fail,Dropout,Dropout,Dropout
99,Pass,Pass,Pass,Pass,Pass,Pass,Pass,Pass,Pass,Pass,Pass,Pass,Pass,Pass,Pass,Pass,Pass,Pass,Pass,Pass,Pass,Pass,Pass,Pass,Pass,Pass,Pass,Dropout,Dropout
100,Dropout,Dropout,Dropout,Dropout,Dropout,Dropout,Dropout,Dropout,Dropout,Dropout,Dropout,Dropout,Dropout,Dropout,Dropout,Dropout,Dropout,Dropout,Dropout,Dropout,Dropout,Dropout,Dropout,Dropout,Dropout,Dropout,Dropout,Dropout,Dropout
101,Pass,Pass,Pass,Pass,Pass,Pass,Pass,Pass,Pass,Pass,Pass,Pass,Pass,Pass,Pass,Pass,Pass,Pass,Pass,Pass,Pass,Pass,Pass,Pass,Pass,Pass,Pass,Pass,Pass
102,Dropout,Dropout,Dropout,Dropout,Pass,Pass,Pass,Dropout,Dropout,Dropout,Dropout,Dropout,Dropout,Dropout,Dropout,Dropout,Dropout,Dropout,Dropout,Dropout,Dropout,Dropout,Dropout,Dropout,Dropout,Dropout,Dropout,Dropout,Dropout
103,Pass,Pass,Pass,Pass,Pass,Pass,Pass,Pass,Pass,Pass,Pass,Pass,Pass,Pass,Pass,Pass,Pass,Pass,Pass,Pass,Pass,Pass,Pass,Pass,Pass,Pass,Pass,Pass,Pass
104,Dropout,Dropout,Dropout,Dropout,Fail,Fail,Dropout,Dropout,Fail,Fail,Dropout,Dropout,Fail,Fail,Dropout,Dropout,Dropout,Dropout,Dropout,Dropout,Dropout,Dropout,Dropout,Dropout,Dropout,Dropout,Dropout,Dropout,Dropout
105,Dropout,Dropout,Dropout,Dropout,Fail,Fail,Fail,Dropout,Fail,Fail,Fail,Fail,Fail,Fail,Fail,Dropout,Dropout,Dropout,Dropout,Dropout,Dropout,Dropout,Dropout,Dropout,Dropout,Dropout,Dropout,Dropout,Dropout
106,Dropout,Dropout,Dropout,Dropout,Dropout,Dropout,Dropout,Dropout,Dropout,Dropout,Dropout,Dropout,Dropout,Dropout,Dropout,Dropout,Dropout,Dropout,Dropout,Dropout,Dropout,Dropout,Dropout,Dropout,Dropout,Dropout,Dropout,Dropout,Dropout
107,Pass,Pass,Pass,Pass,Pass,Pass,Pass,Pass,Pass,Pass,Pass,Pass,Pass,Pass,Pass,Pass,Pass,Pass,Pass,Pass,Pass,Pass,Pass,Pass,Pass,Pass,Pass,Pass,Pass
108,Pass,Pass,Pass,Pass,Pass,Pass,Pass,Pass,Pass,Pass,Pass,Pass,Pass,Pass,Pass,Pass,Pass,Pass,Pass,Pass,Pass,Pass,Pass,Pass,Pass,Pass,Pass,Pass,Pass
109,Dropout,Dropout,Dropout,Dropout,Dropout,Dropout,Dropout,Dropout,Dropout,Dropout,Dropout,Dropout,Dropout,Dropout,Dropout,Dropout,Dropout,Dropout,Dropout,Dropout,Dropout,Dropout,Dropout,Dropout,Dropout,Dropout,Dropout,Dropout,Dropout
110,Dropout,Dropout,Dropout,Dropout,Fail,Fail,Fail,Fail,Dropout,Dropout,Dropout,Dropout,Dropout,Dropout,Dropout,Dropout,Dropout,Dropout,Dropout,Dropout,Dropout,Dropout,Dropout,Dropout,Dropout,Dropout,Dropout,Dropout,Dropout
111,Pass,Pass,Pass,Pass,Pass,Pass,Pass,Pass,Pass,Pass,Pass,Pass,Pass,Pass,Pass,Pass,Pass,Pass,Pass,Pass,Pass,Pass,Pass,Pass,Pass,Pass,Pass,Pass,Pass
112,Pass,Pass,Pass,Pass,Pass,Pass,Pass,Pass,Pass,Pass,Pass,Pass,Pass,Pass,Pass,Pass,Pass,Pass,Pass,Pass,Pass,Pass,Pass,Pass,Pass,Pass,Pass,Pass,Pass
113,Pass,Pass,Pass,Pass,Pass,Pass,Pass,Fail,Fail,Fail,Fail,Fail,Fail,Fail,Dropout,Fail,Fail,Fail,Fail,Fail,Fail,Fail,Fail,Dropout,Dropout,Fail,Fail,Fail,Fail
114,Pass,Pass,Pass,Pass,Pass,Pass,Pass,Pass,Pass,Pass,Pass,Pass,Pass,Pass,Pass,Pass,Pass,Pass,Pass,Pass,Pass,Pass,Pass,Pass,Pass,Pass,Pass,Pass,Pass
115,Pass,Pass,Pass,Pass,Pass,Pass,Pass,Pass,Pass,Pass,Pass,Pass,Pass,Pass,Pass,Pass,Pass,Pass,Pass,Pass,Pass,Pass,Pass,Pass,Pass,Pass,Pass,Pass,Pass
116,Dropout,Dropout,Dropout,Dropout,Dropout,Dropout,Dropout,Dropout,Dropout,Fail,Fail,Fail,Fail,Dropout,Dropout,Dropout,Dropout,Dropout,Dropout,Dropout,Dropout,Dropout,Dropout,Dropout,Dropout,Dropout,Dropout,Dropout,Dropout
117,Dropout,Dropout,Dropout,Dropout,Dropout,Dropout,Dropout,Dropout,Dropout,Dropout,Dropout,Dropout,Dropout,Dropout,Dropout,Dropout,Dropout,Dropout,Dropout,Dropout,Dropout,Dropout,Dropout,Dropout,Dropout,Dropout,Dropout,Dropout,Dropout
118,Pass,Pass,Pass,Pass,Pass,Pass,Pass,Pass,Pass,Pass,Pass,Pass,Pass,Pass,Pass,Pass,Pass,Pass,Pass,Pass,Pass,Pass,Pass,Pass,Pass,Pass,Pass,Pass,Pass
119,Pass,Pass,Pass,Pass,Pass,Pass,Pass,Pass,Pass,Pass,Pass,Pass,Pass,Pass,Pass,Pass,Pass,Pass,Pass,Pass,Pass,Pass,Pass,Pass,Pass,Pass,Pass,Pass,Pass
120,Dropout,Dropout,Dropout,Dropout,Dropout,Dropout,Dropout,Dropout,Dropout,Dropout,Dropout,Dropout,Dropout,Dropout,Dropout,Dropout,Dropout,Dropout,Dropout,Dropout,Dropout,Dropout,Dropout,Dropout,Dropout,Dropout,Dropout,Dropout,Dropout
121,Pass,Pass,Pass,Pass,Pass,Pass,Pass,Pass,Pass,Pass,Pass,Pass,Pass,Pass,Pass,Pass,Pass,Pass,Pass,Pass,Pass,Pass,Pass,Pass,Pass,Pass,Pass,Pass,Pass
122,Dropout,Dropout,Dropout,Dropout,Fail,Fail,Dropout,Dropout,Fail,Fail,Dropout,Dropout,Dropout,Dropout,Dropout,Dropout,Dropout,Dropout,Dropout,Dropout,Dropout,Dropout,Dropout,Dropout,Dropout,Dropout,Dropout,Dropout,Dropout
123,Dropout,Dropout,Dropout,Dropout,Pass,Pass,Pass,Pass,Pass,Pass,Pass,Dropout,Dropout,Dropout,Dropout,Dropout,Dropout,Dropout,Dropout,Dropout,Dropout,Dropout,Dropout,Dropout,Dropout,Dropout,Dropout,Dropout,Dropout
124,Pass,Pass,Pass,Pass,Pass,Pass,Pass,Pass,Pass,Pass,Pass,Pass,Pass,Pass,Pass,Pass,Pass,Pass,Pass,Pass,Pass,Pass,Pass,Pass,Pass,Pass,Pass,Pass,Pass
125,Pass,Pass,Pass,Pass,Pass,Pass,Pass,Pass,Pass,Pass,Pass,Pass,Pass,Pass,Dropout,Dropout,Dropout,Dropout,Dropout,Dropout,Dropout,Dropout,Dropout,Dropout,Dropout,Dropout,Dropout,Dropout,Dropout
126,Dropout,Dropout,Dropout,Dropout,Dropout,Dropout,Dropout,Dropout,Dropout,Dropout,Dropout,Dropout,Dropout,Dropout,Dropout,Dropout,Dropout,Dropout,Dropout,Dropout,Dropout,Dropout,Dropout,Dropout,Dropout,Dropout,Dropout,Dropout,Dropout
127,Pass,Pass,Pass,Pass,Pass,Pass,Pass,Pass,Pass,Pass,Pass,Pass,Pass,Pass,Pass,Pass,Pass,Pass,Pass,Pass,Pass,Pass,Pass,Pass,Pass,Pass,Pass,Pass,Pass
128,Pass,Pass,Pass,Pass,Pass,Pass,Pass,Pass,Pass,Pass,Pass,Pass,Pass,Pass,Pass,Pass,Pass,Pass,Pass,Pass,Pass,Pass,Pass,Pass,Pass,Pass,Pass,Pass,Pass
129,Dropout,Dropout,Dropout,Dropout,Dropout,Dropout,Dropout,Dropout,Dropout,Dropout,Dropout,Dropout,Dropout,Dropout,Dropout,Dropout,Dropout,Dropout,Dropout,Dropout,Dropout,Dropout,Dropout,Dropout,Dropout,Dropout,Dropout,Dropout,Dropout
130,Pass,Pass,Pass,Pass,Pass,Pass,Pass,Pass,Pass,Pass,Pass,Pass,Pass,Pass,Pass,Pass,Pass,Pass,Pass,Pass,Pass,Pass,Pass,Pass,Pass,Pass,Pass,Pass,Pass
131,Dropout,Dropout,Dropout,Dropout,Fail,Fail,Fail,Dropout,Fail,Dropout,Dropout,Dropout,Fail,Fail,Dropout,Dropout,Dropout,Dropout,Dropout,Dropout,Dropout,Dropout,Dropout,Dropout,Dropout,Dropout,Dropout,Dropout,Dropout
132,Dropout,Dropout,Dropout,Dropout,Dropout,Dropout,Dropout,Dropout,Dropout,Dropout,Dropout,Dropout,Dropout,Dropout,Dropout,Dropout,Dropout,Dropout,Dropout,Dropout,Dropout,Dropout,Dropout,Dropout,Dropout,Dropout,Dropout,Dropout,Dropout
133,Pass,Pass,Pass,Pass,Pass,Pass,Pass,Pass,Pass,Pass,Pass,Pass,Pass,Pass,Pass,Pass,Pass,Pass,Pass,Pass,Pass,Pass,Pass,Pass,Pass,Pass,Pass,Pass,Pass
134,Dropout,Dropout,Dropout,Dropout,Dropout,Dropout,Dropout,Dropout,Dropout,Dropout,Dropout,Dropout,Dropout,Dropout,Dropout,Dropout,Dropout,Dropout,Dropout,Dropout,Dropout,Dropout,Dropout,Dropout,Dropout,Dropout,Dropout,Dropout,Dropout
135,Pass,Pass,Pass,Pass,Pass,Pass,Pass,Pass,Pass,Pass,Pass,Pass,Pass,Pass,Pass,Pass,Pass,Pass,Pass,Pass,Pass,Pass,Pass,Pass,Pass,Pass,Pass,Pass,Pass
136,Pass,Pass,Pass,Pass,Pass,Pass,Pass,Pass,Pass,Pass,Pass,Pass,Pass,Pass,Pass,Pass,Pass,Pass,Pass,Pass,Pass,Pass,Pass,Pass,Pass,Pass,Pass,Pass,Pass
137,Dropout,Dropout,Dropout,Dropout,Fail,Fail,Fail,Fail,Fail,Fail,Fail,Fail,Fail,Fail,Dropout,Dropout,Fail,Dropout,Fail,Fail,Fail,Dropout,Fail,Dropout,Fail,Fail,Dropout,Dropout,Dropout
138,Pass,Pass,Pass,Pass,Pass,Pass,Pass,Pass,Pass,Pass,Pass,Pass,Pass,Pass,Pass,Pass,Pass,Pass,Pass,Pass,Pass,Pass,Pass,Pass,Pass,Pass,Pass,Pass,Pass
139,Dropout,Dropout,Dropout,Dropout,Dropout,Dropout,Dropout,Dropout,Dropout,Dropout,Dropout,Dropout,Dropout,Dropout,Dropout,Dropout,Dropout,Dropout,Dropout,Dropout,Dropout,Dropout,Dropout,Dropout,Dropout,Dropout,Dropout,Dropout,Dropout
140,Pass,Pass,Pass,Pass,Pass,Pass,Pass,Pass,Pass,Pass,Pass,Pass,Pass,Pass,Pass,Pass,Pass,Pass,Pass,Pass,Pass,Pass,Pass,Pass,Pass,Pass,Pass,Pass,Pass
141,Dropout,Dropout,Dropout,Dropout,Dropout,Dropout,Dropout,Dropout,Dropout,Dropout,Dropout,Dropout,Dropout,Dropout,Dropout,Dropout,Dropout,Dropout,Dropout,Dropout,Dropout,Dropout,Dropout,Dropout,Dropout,Dropout,Dropout,Dropout,Dropout
142,Pass,Pass,Pass,Pass,Pass,Pass,Pass,Pass,Pass,Pass,Pass,Pass,Pass,Pass,Pass,Pass,Pass,Pass,Pass,Pass,Pass,Pass,Pass,Pass,Pass,Pass,Pass,Pass,Pass
143,Dropout,Dropout,Dropout,Dropout,Dropout,Dropout,Dropout,Dropout,Dropout,Dropout,Dropout,Dropout,Dropout,Dropout,Dropout,Dropout,Dropout,Dropout,Dropout,Dropout,Dropout,Dropout,Dropout,Dropout,Dropout,Dropout,Dropout,Dropout,Dropout
144,Pass,Pass,Pass,Pass,Pass,Pass,Pass,Pass,Pass,Pass,Pass,Pass,Pass,Pass,Pass,Pass,Pass,Pass,Pass,Pass,Pass,Pass,Pass,Pass,Pass,Pass,Pass,Pass,Pass
145,Dropout,Dropout,Dropout,Dropout,Dropout,Dropout,Pass,Dropout,Fail,Fail,Dropout,Fail,Fail,Dropout,Dropout,Dropout,Fail,Dropout,Dropout,Fail,Dropout,Dropout,Fail,Fail,Fail,Dropout,Dropout,Dropout,Dropout
146,Pass,Pass,Pass,Pass,Pass,Pass,Pass,Pass,Pass,Pass,Pass,Pass,Pass,Pass,Pass,Pass,Pass,Pass,Pass,Pass,Pass,Pass,Pass,Pass,Pass,Pass,Pass,Pass,Pass
147,Pass,Pass,Pass,Pass,Pass,Pass,Pass,Pass,Pass,Pass,Pass,Pass,Pass,Pass,Pass,Pass,Pass,Pass,Pass,Pass,Pass,Pass,Pass,Pass,Pass,Pass,Pass,Pass,Pass
148,Dropout,Dropout,Dropout,Dropout,Dropout,Dropout,Dropout,Dropout,Dropout,Dropout,Dropout,Dropout,Dropout,Dropout,Dropout,Dropout,Dropout,Dropout,Dropout,Dropout,Dropout,Dropout,Dropout,Dropout,Dropout,Dropout,Dropout,Dropout,Dropout
149,Pass,Pass,Pass,Pass,Pass,Pass,Pass,Pass,Pass,Pass,Pass,Pass,Pass,Pass,Pass,Pass,Pass,Pass,Pass,Pass,Pass,Pass,Pass,Pass,Pass,Pass,Pass,Pass,Pass
150,Dropout,Dropout,Dropout,Dropout,Dropout,Dropout,Dropout,Dropout,Dropout,Dropout,Dropout,Dropout,Dropout,Dropout,Dropout,Dropout,Dropout,Dropout,Dropout,Dropout,Dropout,Dropout,Dropout,Dropout,Dropout,Dropout,Dropout,Dropout,Dropout
151,Pass,Pass,Pass,Pass,Pass,Pass,Pass,Pass,Pass,Pass,Pass,Pass,Pass,Pass,Pass,Pass,Pass,Pass,Pass,Pass,Pass,Pass,Pass,Pass,Pass,Pass,Pass,Pass,Pass
152,Pass,Pass,Pass,Pass,Pass,Pass,Pass,Pass,Pass,Pass,Pass,Pass,Pass,Pass,Pass,Pass,Pass,Pass,Pass,Pass,Pass,Pass,Pass,Pass,Pass,Pass,Pass,Pass,Pass
153,Dropout,Dropout,Dropout,Dropout,Dropout,Dropout,Fail,Fail,Fail,Fail,Fail,Fail,Fail,Fail,Fail,Dropout,Dropout,Dropout,Fail,Fail,Dropout,Fail,Dropout,Dropout,Dropout,Fail,Fail,Fail,Dropout
154,Pass,Pass,Pass,Pass,Pass,Pass,Pass,Pass,Pass,Pass,Pass,Pass,Pass,Pass,Pass,Pass,Pass,Pass,Pass,Pass,Pass,Pass,Pass,Pass,Pass,Pass,Pass,Pass,Pass
155,Dropout,Dropout,Pass,Dropout,Dropout,Pass,Pass,Pass,Pass,Pass,Pass,Pass,Pass,Pass,Pass,Pass,Pass,Pass,Pass,Pass,Pass,Pass,Pass,Pass,Pass,Pass,Pass,Pass,Pass
156,Dropout,Dropout,Dropout,Dropout,Fail,Fail,Dropout,Dropout,Dropout,Dropout,Dropout,Dropout,Dropout,Dropout,Dropout,Dropout,Dropout,Dropout,Dropout,Dropout,Dropout,Dropout,Dropout,Dropout,Dropout,Dropout,Dropout,Dropout,Dropout
157,Pass,Pass,Pass,Pass,Pass,Pass,Pass,Pass,Pass,Pass,Pass,Pass,Pass,Pass,Pass,Pass,Pass,Pass,Pass,Pass,Pass,Pass,Pass,Pass,Pass,Pass,Pass,Pass,Pass
158,Dropout,Dropout,Dropout,Dropout,Dropout,Dropout,Dropout,Dropout,Dropout,Dropout,Dropout,Dropout,Dropout,Dropout,Dropout,Dropout,Dropout,Dropout,Dropout,Dropout,Dropout,Dropout,Dropout,Dropout,Dropout,Dropout,Dropout,Dropout,Dropout
159,Dropout,Dropout,Dropout,Dropout,Fail,Fail,Dropout,Fail,Fail,Dropout,Dropout,Dropout,Dropout,Dropout,Dropout,Fail,Fail,Dropout,Dropout,Dropout,Dropout,Dropout,Dropout,Dropout,Dropout,Dropout,Dropout,Dropout,Dropout
160,Pass,Pass,Pass,Pass,Pass,Pass,Pass,Pass,Pass,Pass,Pass,Pass,Pass,Dropout,Pass,Pass,Pass,Pass,Pass,Pass,Pass,Pass,Pass,Pass,Pass,Pass,Pass,Pass,Pass
161,Dropout,Dropout,Dropout,Dropout,Fail,Fail,Fail,Fail,Fail,Fail,Fail,Fail,Fail,Fail,Fail,Fail,Fail,Fail,Fail,Fail,Fail,Fail,Fail,Fail,Fail,Fail,Fail,Fail,Fail
162,Pass,Pass,Pass,Pass,Pass,Pass,Pass,Pass,Pass,Pass,Pass,Pass,Pass,Pass,Pass,Pass,Pass,Pass,Pass,Pass,Pass,Pass,Pass,Pass,Pass,Pass,Pass,Pass,Pass
163,Dropout,Dropout,Dropout,Dropout,Dropout,Dropout,Dropout,Dropout,Dropout,Dropout,Dropout,Dropout,Dropout,Dropout,Dropout,Dropout,Dropout,Dropout,Dropout,Dropout,Dropout,Dropout,Dropout,Dropout,Dropout,Dropout,Dropout,Dropout,Dropout
164,Pass,Pass,Pass,Pass,Pass,Pass,Pass,Pass,Pass,Pass,Pass,Pass,Pass,Pass,Pass,Pass,Pass,Pass,Pass,Pass,Pass,Pass,Pass,Pass,Pass,Pass,Pass,Pass,Pass
165,Pass,Pass,Pass,Pass,Pass,Pass,Pass,Pass,Pass,Pass,Pass,Pass,Pass,Pass,Pass,Pass,Pass,Pass,Pass,Pass,Pass,Pass,Pass,Pass,Pass,Pass,Pass,Pass,Pass
166,Dropout,Dropout,Dropout,Dropout,Dropout,Dropout,Dropout,Dropout,Dropout,Dropout,Dropout,Dropout,Dropout,Dropout,Dropout,Dropout,Dropout,Dropout,Dropout,Dropout,Dropout,Dropout,Dropout,Dropout,Dropout,Dropout,Dropout,Dropout,Dropout
167,Dropout,Dropout,Dropout,Dropout,Dropout,Dropout,Dropout,Dropout,Dropout,Dropout,Dropout,Dropout,Dropout,Dropout,Dropout,Dropout,Dropout,Dropout,Dropout,Dropout,Dropout,Dropout,Dropout,Dropout,Dropout,Dropout,Dropout,Dropout,Dropout
168,Pass,Pass,Pass,Pass,Pass,Pass,Pass,Pass,Pass,Pass,Pass,Pass,Pass,Pass,Pass,Pass,Pass,Pass,Pass,Pass,Pass,Pass,Pass,Pass,Pass,Pass,Pass,Pass,Pass
169,Dropout,Dropout,Dropout,Dropout,Dropout,Dropout,Dropout,Dropout,Dropout,Dropout,Dropout,Dropout,Dropout,Dropout,Dropout,Dropout,Dropout,Dropout,Dropout,Dropout,Dropout,Dropout,Dropout,Dropout,Dropout,Dropout,Dropout,Dropout,Dropout
170,Dropout,Dropout,Dropout,Dropout,Dropout,Dropout,Dropout,Pass,Pass,Pass,Pass,Pass,Pass,Pass,Pass,Pass,Pass,Pass,Pass,Pass,Pass,Pass,Pass,Pass,Pass,Pass,Pass,Pass,Pass
171,Dropout,Dropout,Dropout,Dropout,Fail,Fail,Fail,Fail,Fail,Fail,Fail,Fail,Fail,Dropout,Dropout,Dropout,Dropout,Dropout,Fail,Fail,Fail,Dropout,Fail,Dropout,Dropout,Fail,Dropout,Fail,Fail
172,Pass,Pass,Pass,Pass,Pass,Pass,Pass,Pass,Pass,Pass,Pass,Pass,Pass,Pass,Pass,Pass,Pass,Pass,Pass,Pass,Pass,Pass,Pass,Pass,Pass,Pass,Pass,Pass,Pass
173,Pass,Pass,Pass,Pass,Pass,Pass,Pass,Pass,Pass,Pass,Pass,Pass,Pass,Pass,Pass,Pass,Pass,Pass,Pass,Pass,Pass,Pass,Pass,Pass,Pass,Pass,Pass,Pass,Pass
174,Dropout,Dropout,Dropout,Dropout,Dropout,Dropout,Dropout,Dropout,Dropout,Dropout,Dropout,Dropout,Dropout,Dropout,Dropout,Dropout,Dropout,Dropout,Dropout,Dropout,Dropout,Dropout,Dropout,Dropout,Dropout,Dropout,Dropout,Dropout,Dropout
175,Dropout,Dropout,Dropout,Dropout,Fail,Fail,Fail,Fail,Fail,Fail,Fail,Fail,Fail,Fail,Dropout,Dropout,Fail,Dropout,Fail,Fail,Fail,Dropout,Fail,Dropout,Fail,Fail,Dropout,Dropout,Dropout
176,Dropout,Dropout,Dropout,Dropout,Fail,Fail,Fail,Fail,Fail,Fail,Fail,Fail,Fail,Fail,Dropout,Dropout,Fail,Dropout,Fail,Fail,Fail,Dropout,Fail,Dropout,Fail,Fail,Dropout,Fail,Dropout
177,Pass,Pass,Pass,Pass,Pass,Pass,Pass,Pass,Pass,Pass,Pass,Pass,Pass,Pass,Pass,Pass,Pass,Pass,Pass,Pass,Pass,Pass,Pass,Pass,Pass,Pass,Pass,Pass,Pass
178,Pass,Pass,Pass,Pass,Pass,Pass,Pass,Pass,Pass,Pass,Pass,Pass,Pass,Pass,Pass,Pass,Pass,Pass,Pass,Pass,Pass,Pass,Pass,Pass,Pass,Pass,Pass,Pass,Pass
179,Pass,Pass,Pass,Pass,Pass,Pass,Pass,Pass,Pass,Pass,Pass,Pass,Pass,Pass,Pass,Pass,Pass,Pass,Pass,Pass,Pass,Pass,Pass,Pass,Pass,Pass,Pass,Pass,Pass
180,Dropout,Dropout,Pass,Pass,Dropout,Dropout,Dropout,Dropout,Dropout,Dropout,Dropout,Dropout,Dropout,Dropout,Dropout,Dropout,Dropout,Dropout,Dropout,Dropout,Dropout,Dropout,Dropout,Dropout,Dropout,Dropout,Dropout,Dropout,Dropout
181,Pass,Pass,Pass,Pass,Pass,Pass,Pass,Pass,Pass,Pass,Pass,Pass,Pass,Pass,Pass,Pass,Pass,Pass,Pass,Pass,Pass,Pass,Pass,Pass,Pass,Pass,Pass,Pass,Pass
182,Pass,Pass,Pass,Pass,Pass,Pass,Pass,Pass,Pass,Pass,Pass,Pass,Pass,Pass,Pass,Pass,Pass,Pass,Pass,Pass,Pass,Pass,Pass,Pass,Pass,Pass,Pass,Pass,Pass
183,Pass,Pass,Pass,Pass,Pass,Pass,Pass,Pass,Pass,Pass,Pass,Pass,Pass,Pass,Pass,Pass,Pass,Pass,Pass,Pass,Pass,Pass,Pass,Pass,Pass,Pass,Pass,Pass,Pass
184,Dropout,Dropout,Dropout,Dropout,Fail,Fail,Fail,Fail,Dropout,Dropout,Dropout,Dropout,Dropout,Dropout,Dropout,Dropout,Dropout,Dropout,Dropout,Dropout,Dropout,Dropout,Dropout,Dropout,Dropout,Dropout,Dropout,Dropout,Dropout
185,Dropout,Dropout,Pass,Pass,Dropout,Dropout,Dropout,Dropout,Dropout,Dropout,Dropout,Dropout,Dropout,Dropout,Dropout,Dropout,Dropout,Dropout,Dropout,Dropout,Dropout,Dropout,Dropout,Dropout,Dropout,Dropout,Dropout,Dropout,Dropout
186,Pass,Pass,Pass,Pass,Pass,Pass,Pass,Pass,Pass,Pass,Pass,Pass,Pass,Dropout,Pass,Dropout,Pass,Pass,Pass,Pass,Pass,Pass,Pass,Pass,Pass,Pass,Pass,Pass,Pass
187,Dropout,Dropout,Pass,Pass,Pass,Pass,Pass,Pass,Pass,Pass,Pass,Pass,Pass,Pass,Pass,Pass,Pass,Pass,Pass,Pass,Pass,Pass,Pass,Pass,Pass,Pass,Pass,Pass,Pass
188,Pass,Pass,Pass,Pass,Pass,Pass,Pass,Pass,Pass,Pass,Pass,Pass,Pass,Pass,Pass,Pass,Pass,Pass,Pass,Dropout,Dropout,Dropout,Dropout,Dropout,Dropout,Dropout,Dropout,Dropout,Dropout
189,Pass,Pass,Pass,Pass,Pass,Pass,Pass,Pass,Pass,Pass,Pass,Pass,Pass,Pass,Pass,Pass,Pass,Pass,Pass,Pass,Pass,Pass,Pass,Pass,Pass,Pass,Pass,Pass,Pass
190,Pass,Pass,Pass,Pass,Pass,Pass,Pass,Pass,Pass,Pass,Pass,Pass,Pass,Pass,Pass,Pass,Pass,Pass,Pass,Pass,Pass,Pass,Pass,Pass,Pass,Pass,Pass,Pass,Pass
191,Pass,Pass,Pass,Pass,Pass,Pass,Pass,Pass,Pass,Pass,Pass,Pass,Pass,Pass,Pass,Pass,Pass,Pass,Pass,Pass,Pass,Pass,Pass,Pass,Pass,Pass,Pass,Pass,Pass
192,Dropout,Dropout,Dropout,Dropout,Dropout,Dropout,Dropout,Dropout,Dropout,Dropout,Dropout,Dropout,Dropout,Dropout,Dropout,Dropout,Dropout,Dropout,Dropout,Dropout,Dropout,Dropout,Dropout,Dropout,Dropout,Dropout,Dropout,Dropout,Dropout
193,Pass,Pass,Pass,Pass,Pass,Pass,Pass,Pass,Pass,Pass,Pass,Pass,Pass,Pass,Pass,Pass,Pass,Pass,Pass,Pass,Pass,Pass,Pass,Pass,Pass,Pass,Pass,Pass,Pass
194,Pass,Pass,Pass,Pass,Pass,Pass,Pass,Pass,Pass,Pass,Pass,Pass,Pass,Pass,Pass,Pass,Pass,Pass,Pass,Pass,Pass,Pass,Pass,Pass,Pass,Pass,Pass,Pass,Pass
195,Dropout,Dropout,Dropout,Dropout,Dropout,Pass,Dropout,Pass,Pass,Pass,Dropout,Pass,Dropout,Dropout,Dropout,Dropout,Dropout,Dropout,Dropout,Dropout,Dropout,Dropout,Dropout,Dropout,Dropout,Dropout,Dropout,Dropout,Dropout
196,Pass,Pass,Pass,Pass,Pass,Pass,Pass,Pass,Pass,Pass,Pass,Pass,Pass,Pass,Pass,Pass,Pass,Pass,Pass,Pass,Pass,Pass,Pass,Pass,Pass,Pass,Pass,Pass,Pass
197,Dropout,Dropout,Dropout,Dropout,Fail,Fail,Fail,Fail,Fail,Fail,Fail,Fail,Fail,Fail,Dropout,Dropout,Fail,Dropout,Fail,Fail,Fail,Dropout,Fail,Dropout,Fail,Fail,Dropout,Dropout,Dropout
198,Pass,Pass,Pass,Pass,Pass,Pass,Pass,Pass,Pass,Dropout,Dropout,Dropout,Dropout,Dropout,Dropout,Dropout,Dropout,Dropout,Dropout,Dropout,Dropout,Dropout,Dropout,Dropout,Dropout,Dropout,Dropout,Dropout,Dropout
199,Dropout,Dropout,Dropout,Dropout,Dropout,Dropout,Dropout,Dropout,Dropout,Dropout,Dropout,Dropout,Dropout,Dropout,Dropout,Dropout,Dropout,Dropout,Dropout,Dropout,Dropout,Dropout,Dropout,Dropout,Dropout,Dropout,Dropout,Dropout,Dropout
