code_student;code_module;code_presentation;id_student;date_registration;date_unregistration
1;FFF;2014J;31296;-20;
2;FFF;2014J;35747;-15;12
3;FFF;2014J;35796;-66;
4;FFF;2014J;40857;-89;108
5;FFF;2014J;40878;-86;
6;FFF;2014J;42552;-150;
7;FFF;2014J;43958;-115;
8;FFF;2014J;45423;-31;
9;FFF;2014J;47861;-103;
10;FFF;2014J;52275;-136;
11;FFF;2014J;54772;-99;-92
12;FFF;2014J;56637;-99;
13;FFF;2014J;56667;-46;
14;FFF;2014J;58884;-50;
15;FFF;2014J;61297;-66;-2
16;FFF;2014J;63112;-150;130
17;FFF;2014J;64427;-78;
18;FFF;2014J;64777;-123;
19;FFF;2014J;66892;-17;72
20;FFF;2014J;69439;-24;12
21;FFF;2014J;71159;-44;
22;FFF;2014J;74165;-72;
23;FFF;2014J;75107;-92;
24;FFF;2014J;77692;-46;
25;FFF;2014J;77995;-15;
26;FFF;2014J;79610;-61;
27;FFF;2014J;80438;-86;
28;FFF;2014J;82201;-16;
29;FFF;2014J;84604;-79;
30;FFF;2014J;85241;-10;125
31;FFF;2014J;87264;-36;
32;FFF;2014J;87322;-28;
33;FFF;2014J;90651;-148;12
34;FFF;2014J;91801;-146;79
35;FFF;2014J;94749;-22;
36;FFF;2014J;98256;-101;12
37;FFF;2014J;101217;-44;
38;FFF;2014J;102854;-116;
39;FFF;2014J;103594;-85;-60
40;FFF;2014J;105125;-61;47
41;FFF;2014J;105939;-50;
42;FFF;2014J;107455;-22;
43;FFF;2014J;108949;-60;
44;FFF;2014J;109577;-50;
45;FFF;2014J;109907;-41;-31
46;FFF;2014J;110820;-108;90
47;FFF;2014J;113702;-10;115
48;FFF;2014J;116529;-46;
49;FFF;2014J;119310;-57;
50;FFF;2014J;119865;-37;
51;FFF;2014J;125063;-136;
52;FFF;2014J;127179;-81;12
53;FFF;2014J;129907;-18;
54;FFF;2014J;130409;-143;
55;FFF;2014J;131597;-52;
56;FFF;2014J;132423;-21;12
57;FFF;2014J;132475;-100;
58;FFF;2014J;135280;-23;
59;FFF;2014J;136944;-15;
60;FFF;2014J;139206;-23;
61;FFF;2014J;142310;-94;
62;FFF;2014J;143755;-144;
63;FFF;2014J;144959;-11;188
64;FFF;2014J;149178;-18;
65;FFF;2014J;149964;-75;
66;FFF;2014J;150282;-16;
67;FFF;2014J;152524;-94;
68;FFF;2014J;152917;-56;
69;FFF;2014J;155938;-102;
70;FFF;2014J;157225;-34;128
71;FFF;2014J;159906;-64;
72;FFF;2014J;159947;-14;
73;FFF;2014J;161837;-86;-36
74;FFF;2014J;164148;-46;
75;FFF;2014J;166123;-28;
76;FFF;2014J;166607;-24;110
77;FFF;2014J;169596;-14;
78;FFF;2014J;170874;-89;
79;FFF;2014J;171692;19;153
80;FFF;2014J;172493;-56;
81;FFF;2014J;173412;-72;171
82;FFF;2014J;177492;-22;
83;FFF;2014J;184627;-155;12
84;FFF;2014J;184720;-58;
85;FFF;2014J;185994;-114;
86;FFF;2014J;191504;-53;151
87;FFF;2014J;194163;-31;
88;FFF;2014J;195246;-124;
89;FFF;2014J;195552;-88;
90;FFF;2014J;197188;-29;
91;FFF;2014J;197536;-49;
92;FFF;2014J;199009;-58;
93;FFF;2014J;204117;-66;136
94;FFF;2014J;226955;-141;
95;FFF;2014J;228633;-68;
96;FFF;2014J;229498;-56;
97;FFF;2014J;230656;-22;-9
98;FFF;2014J;230947;-128;
99;FFF;2014J;231980;-144;-43
100;FFF;2014J;232173;-142;
101;FFF;2014J;234031;-124;24
102;FFF;2014J;234661;-18;
103;FFF;2014J;235747;-31;12
104;FFF;2014J;235768;-115;
105;FFF;2014J;235971;-107;
106;FFF;2014J;236090;-137;
107;FFF;2014J;237891;-37;
108;FFF;2014J;238301;-70;-1
109;FFF;2014J;242636;-109;
110;FFF;2014J;249357;11;
111;FFF;2014J;251166;-95;
112;FFF;2014J;251397;-79;-18
113;FFF;2014J;251916;-56;23
114;FFF;2014J;253633;-37;
115;FFF;2014J;253763;-23;
116;FFF;2014J;258245;-120;
117;FFF;2014J;258509;-37;
118;FFF;2014J;258978;-115;
119;FFF;2014J;260275;-15;10
120;FFF;2014J;261863;-107;192
121;FFF;2014J;262025;-79;
122;FFF;2014J;262332;-110;-39
123;FFF;2014J;262394;-148;
124;FFF;2014J;263143;-124;-85
125;FFF;2014J;263862;-37;
126;FFF;2014J;264589;-66;
127;FFF;2014J;265497;-30;
128;FFF;2014J;268727;-110;-108
129;FFF;2014J;268823;-31;
130;FFF;2014J;269584;-36;
131;FFF;2014J;270421;-28;
132;FFF;2014J;271702;-144;-10
133;FFF;2014J;272704;-148;13
134;FFF;2014J;275127;-15;
135;FFF;2014J;276265;-15;
136;FFF;2014J;276337;-128;128
137;FFF;2014J;277384;-122;12
138;FFF;2014J;278380;-70;
139;FFF;2014J;279440;-29;
140;FFF;2014J;279653;-102;
141;FFF;2014J;279883;-25;12
142;FFF;2014J;281134;-28;
143;FFF;2014J;281970;-100;12
144;FFF;2014J;282849;-15;
145;FFF;2014J;283402;-11;
146;FFF;2014J;286778;-14;
147;FFF;2014J;287079;-44;
148;FFF;2014J;287258;-136;
149;FFF;2014J;287715;-72;12
150;FFF;2014J;289179;-50;12
151;FFF;2014J;289247;-25;
152;FFF;2014J;289618;-30;31
153;FFF;2014J;289676;-96;
154;FFF;2014J;294112;-28;
155;FFF;2014J;294219;-45;
156;FFF;2014J;294920;-93;93
157;FFF;2014J;294929;-148;
158;FFF;2014J;295893;-43;
159;FFF;2014J;297218;-9;
160;FFF;2014J;297341;-22;
161;FFF;2014J;300848;-128;-29
162;FFF;2014J;301074;-120;
163;FFF;2014J;301561;-52;159
164;FFF;2014J;305064;-86;
165;FFF;2014J;305659;-28;
166;FFF;2014J;310205;-79;
167;FFF;2014J;312126;-22;12
168;FFF;2014J;312231;-81;
169;FFF;2014J;312960;-72;
170;FFF;2014J;315795;-10;
171;FFF;2014J;316061;-15;12
172;FFF;2014J;316082;-68;
173;FFF;2014J;318139;-68;79
174;FFF;2014J;318147;-64;
175;FFF;2014J;318289;-35;-21
176;FFF;2014J;319073;-22;
177;FFF;2014J;319461;-46;5
178;FFF;2014J;320133;-25;
179;FFF;2014J;320612;-25;
180;FFF;2014J;322499;-32;234
181;FFF;2014J;324331;-32;
182;FFF;2014J;325750;-88;
183;FFF;2014J;327664;-66;12
184;FFF;2014J;328377;-106;17
185;FFF;2014J;328797;-42;
186;FFF;2014J;329095;-37;158
187;FFF;2014J;329895;-21;
188;FFF;2014J;331789;-108;
189;FFF;2014J;332237;-34;
190;FFF;2014J;332676;-44;10
191;FFF;2014J;333993;-106;
192;FFF;2014J;334224;-59;145
193;FFF;2014J;335095;-103;
194;FFF;2014J;337000;-22;
195;FFF;2014J;338689;-66;
196;FFF;2014J;338806;-23;
197;FFF;2014J;339519;-32;
198;FFF;2014J;340831;-29;69
199;FFF;2014J;341093;-93;
200;FFF;2014J;341457;-144;135
201;FFF;2014J;341629;-21;
202;FFF;2014J;343709;-36;
203;FFF;2014J;345271;-109;
204;FFF;2014J;347197;-49;
205;FFF;2014J;348108;-56;
206;FFF;2014J;348324;-50;
207;FFF;2014J;348906;-67;32
208;FFF;2014J;349515;-53;
209;FFF;2014J;349777;-68;51
210;FFF;2014J;351147;-79;
211;FFF;2014J;351293;-114;-5
212;FFF;2014J;354698;-17;
213;FFF;2014J;354713;-14;
214;FFF;2014J;355293;-123;
215;FFF;2014J;357851;110;
216;FFF;2014J;360278;-88;16
217;FFF;2014J;360752;-38;-2
218;FFF;2014J;364066;-142;
219;FFF;2014J;366140;-94;
220;FFF;2014J;367151;-120;191
221;FFF;2014J;368389;-155;-155
222;FFF;2014J;369242;-72;
223;FFF;2014J;369450;-144;
224;FFF;2014J;369644;-16;67
225;FFF;2014J;370735;-67;
226;FFF;2014J;372345;-59;
227;FFF;2014J;372509;-17;
228;FFF;2014J;372511;-1;
229;FFF;2014J;374353;-67;81
230;FFF;2014J;375527;-25;
231;FFF;2014J;375993;-155;12
232;FFF;2014J;378705;-31;
233;FFF;2014J;378946;-94;
234;FFF;2014J;379278;-94;
235;FFF;2014J;379311;-108;
236;FFF;2014J;379563;-17;52
237;FFF;2014J;380952;-5;
238;FFF;2014J;381257;-22;
239;FFF;2014J;381414;-34;
240;FFF;2014J;381428;-102;87
241;FFF;2014J;381528;-25;12
242;FFF;2014J;381529;-115;74
243;FFF;2014J;383445;-29;
244;FFF;2014J;383602;-102;
245;FFF;2014J;383629;-67;
246;FFF;2014J;384107;-35;
247;FFF;2014J;384331;-81;10
248;FFF;2014J;386121;-46;37
249;FFF;2014J;386389;-143;
250;FFF;2014J;386956;-31;109
251;FFF;2014J;389853;-46;195
252;FFF;2014J;390070;-21;
253;FFF;2014J;393141;-115;
254;FFF;2014J;395758;-67;62
255;FFF;2014J;396136;-130;12
256;FFF;2014J;396683;-28;
257;FFF;2014J;396834;-15;
258;FFF;2014J;396907;-18;
259;FFF;2014J;397219;-70;
260;FFF;2014J;397292;-108;
261;FFF;2014J;397671;-100;
262;FFF;2014J;398550;-155;
263;FFF;2014J;398630;-88;
264;FFF;2014J;399429;-64;
265;FFF;2014J;402695;-123;
266;FFF;2014J;405193;-108;
267;FFF;2014J;407232;-46;
268;FFF;2014J;408499;-31;94
269;FFF;2014J;408872;-140;12
270;FFF;2014J;410407;-60;
271;FFF;2014J;410883;-94;
272;FFF;2014J;411304;-115;
273;FFF;2014J;411688;-18;
274;FFF;2014J;412353;-29;
275;FFF;2014J;413180;-156;
276;FFF;2014J;413709;-52;
277;FFF;2014J;413949;-67;
278;FFF;2014J;416199;-81;
279;FFF;2014J;416407;-43;
280;FFF;2014J;416426;-130;-95
281;FFF;2014J;418201;-18;
282;FFF;2014J;418486;-35;9
283;FFF;2014J;419059;-70;
284;FFF;2014J;419081;-29;
285;FFF;2014J;420834;-23;95
286;FFF;2014J;421070;-64;79
287;FFF;2014J;423210;-32;
288;FFF;2014J;423488;-28;
289;FFF;2014J;423781;-36;
290;FFF;2014J;425467;-53;-53
291;FFF;2014J;426410;-64;
292;FFF;2014J;427256;-23;
293;FFF;2014J;427485;-106;34
294;FFF;2014J;429832;-41;
295;FFF;2014J;431139;-17;
296;FFF;2014J;434476;-121;
297;FFF;2014J;435294;-24;173
298;FFF;2014J;438063;-122;
299;FFF;2014J;438644;-93;
300;FFF;2014J;439950;-15;
301;FFF;2014J;439995;-24;
302;FFF;2014J;440818;-16;
303;FFF;2014J;441020;-31;3
304;FFF;2014J;441165;-7;
305;FFF;2014J;441170;-144;-103
306;FFF;2014J;441421;-66;
307;FFF;2014J;441540;-115;-73
308;FFF;2014J;442199;-73;
309;FFF;2014J;442347;-88;95
310;FFF;2014J;442563;-46;
311;FFF;2014J;442725;-15;
312;FFF;2014J;442802;-15;
313;FFF;2014J;443151;-149;
314;FFF;2014J;443514;-146;
315;FFF;2014J;443696;-67;
316;FFF;2014J;444011;-64;
317;FFF;2014J;444619;-113;
318;FFF;2014J;444907;-38;
319;FFF;2014J;445459;-106;11
320;FFF;2014J;445686;-22;
321;FFF;2014J;446778;-37;19
322;FFF;2014J;464522;-16;12
323;FFF;2014J;465009;-31;82
324;FFF;2014J;465078;-103;69
325;FFF;2014J;465121;-65;
326;FFF;2014J;465245;-148;-18
327;FFF;2014J;465294;-38;
328;FFF;2014J;466120;-109;
329;FFF;2014J;466717;-106;12
330;FFF;2014J;466807;-28;145
331;FFF;2014J;466987;-10;
332;FFF;2014J;467312;-22;12
333;FFF;2014J;467363;-99;
334;FFF;2014J;468623;-17;12
335;FFF;2014J;469499;-46;
336;FFF;2014J;470121;-21;2
337;FFF;2014J;471284;-80;
338;FFF;2014J;471374;-53;23
339;FFF;2014J;472401;-51;16
340;FFF;2014J;474667;-50;
341;FFF;2014J;475015;-23;
342;FFF;2014J;475566;-28;-1
343;FFF;2014J;475699;-73;9
344;FFF;2014J;476401;-30;
345;FFF;2014J;476629;-14;
346;FFF;2014J;477833;-100;
347;FFF;2014J;479939;-21;
348;FFF;2014J;480303;-79;
349;FFF;2014J;481240;-30;236
350;FFF;2014J;481717;-21;
351;FFF;2014J;482644;-8;
352;FFF;2014J;483037;-35;
353;FFF;2014J;483656;-77;82
354;FFF;2014J;484010;-109;
355;FFF;2014J;484494;-44;12
356;FFF;2014J;484594;-29;
357;FFF;2014J;485228;-87;
358;FFF;2014J;486087;-25;
359;FFF;2014J;486964;-15;
360;FFF;2014J;488136;-101;12
361;FFF;2014J;488525;-136;
362;FFF;2014J;489048;-16;12
363;FFF;2014J;489104;-49;-4
364;FFF;2014J;489493;-60;4
365;FFF;2014J;489553;-74;
366;FFF;2014J;490297;-23;
367;FFF;2014J;491077;-59;96
368;FFF;2014J;491126;-29;
369;FFF;2014J;491756;-15;184
370;FFF;2014J;491863;-57;
371;FFF;2014J;491959;-52;163
372;FFF;2014J;492024;-88;
373;FFF;2014J;492557;-115;62
374;FFF;2014J;493793;-140;
375;FFF;2014J;494046;-85;
376;FFF;2014J;494184;-51;
377;FFF;2014J;496493;-92;97
378;FFF;2014J;496815;-3;6
379;FFF;2014J;497415;-49;
380;FFF;2014J;498442;-10;
381;FFF;2014J;499244;-149;149
382;FFF;2014J;499404;-95;
383;FFF;2014J;500068;-156;
384;FFF;2014J;500618;-25;
385;FFF;2014J;501444;-59;
386;FFF;2014J;501897;-14;202
387;FFF;2014J;502011;-70;
388;FFF;2014J;503684;-34;12
389;FFF;2014J;504270;-93;
390;FFF;2014J;504700;-58;-25
391;FFF;2014J;505773;-72;
392;FFF;2014J;506705;-81;
393;FFF;2014J;507031;-85;158
394;FFF;2014J;507311;-93;
395;FFF;2014J;507743;-24;
396;FFF;2014J;507935;-41;
397;FFF;2014J;508626;-46;
398;FFF;2014J;509177;-14;12
399;FFF;2014J;509536;-154;
400;FFF;2014J;510762;-10;
401;FFF;2014J;511246;-64;
402;FFF;2014J;511309;-25;
403;FFF;2014J;511350;-4;
404;FFF;2014J;511859;-42;-3
405;FFF;2014J;511981;-155;
406;FFF;2014J;512335;-46;12
407;FFF;2014J;513272;-77;
408;FFF;2014J;513422;-4;
409;FFF;2014J;513428;-14;
410;FFF;2014J;514078;-38;
411;FFF;2014J;514556;-25;
412;FFF;2014J;516602;-73;
413;FFF;2014J;517551;-121;
414;FFF;2014J;518599;-155;-109
415;FFF;2014J;519115;-88;
416;FFF;2014J;520265;-114;
417;FFF;2014J;521032;-92;12
418;FFF;2014J;521115;-10;
419;FFF;2014J;521153;-35;
420;FFF;2014J;521255;-23;
421;FFF;2014J;521703;-113;12
422;FFF;2014J;522082;-45;
423;FFF;2014J;523017;-93;
424;FFF;2014J;523249;-58;
425;FFF;2014J;523589;-73;10
426;FFF;2014J;524827;-70;51
427;FFF;2014J;525523;-70;157
428;FFF;2014J;526721;-102;
429;FFF;2014J;526819;-59;
430;FFF;2014J;527619;-155;72
431;FFF;2014J;529693;-66;
432;FFF;2014J;529991;-7;
433;FFF;2014J;530148;-7;240
434;FFF;2014J;530196;-24;12
435;FFF;2014J;531018;-92;
436;FFF;2014J;531871;-28;
437;FFF;2014J;532254;-22;
438;FFF;2014J;532744;-46;-11
439;FFF;2014J;533418;-92;
440;FFF;2014J;534018;-109;33
441;FFF;2014J;534112;-24;198
442;FFF;2014J;534457;-67;
443;FFF;2014J;535542;-15;59
444;FFF;2014J;535671;-141;
445;FFF;2014J;535997;-57;163
446;FFF;2014J;536351;-115;
447;FFF;2014J;536475;-16;
448;FFF;2014J;536963;-17;
449;FFF;2014J;537321;-155;10
450;FFF;2014J;537322;-24;
451;FFF;2014J;537606;-85;
452;FFF;2014J;537811;-53;
453;FFF;2014J;539308;-15;
454;FFF;2014J;539913;-41;-35
455;FFF;2014J;539945;-84;
456;FFF;2014J;540155;-142;-1
457;FFF;2014J;540723;-45;
458;FFF;2014J;541184;-108;20
459;FFF;2014J;541532;-29;237
460;FFF;2014J;541921;-49;
461;FFF;2014J;542202;-14;
462;FFF;2014J;542550;-155;9
463;FFF;2014J;543010;-79;
464;FFF;2014J;543432;-78;97
465;FFF;2014J;544141;-17;
466;FFF;2014J;544745;-100;
467;FFF;2014J;545164;-154;
468;FFF;2014J;545962;-149;
469;FFF;2014J;546547;-95;
470;FFF;2014J;546645;-52;
471;FFF;2014J;547347;-28;
472;FFF;2014J;549219;-67;
473;FFF;2014J;549321;-144;
474;FFF;2014J;549523;-29;
475;FFF;2014J;549847;-31;
476;FFF;2014J;550420;-52;
477;FFF;2014J;550703;-134;
478;FFF;2014J;552173;-106;
479;FFF;2014J;552832;-140;
480;FFF;2014J;553031;-147;
481;FFF;2014J;553284;-137;
482;FFF;2014J;553813;-74;
483;FFF;2014J;554063;-23;
484;FFF;2014J;554525;-109;
485;FFF;2014J;555049;-142;
486;FFF;2014J;555277;-135;-71
487;FFF;2014J;555827;-114;
488;FFF;2014J;556126;-115;
489;FFF;2014J;557085;-18;
490;FFF;2014J;557290;-87;
491;FFF;2014J;557792;-65;38
492;FFF;2014J;557830;-17;
493;FFF;2014J;558044;-37;
494;FFF;2014J;558342;-23;
495;FFF;2014J;558764;-10;
496;FFF;2014J;559882;-7;26
497;FFF;2014J;560047;-79;
498;FFF;2014J;560459;-10;12
499;FFF;2014J;560645;-113;
500;FFF;2014J;560659;-22;12
501;FFF;2014J;560765;-25;48
502;FFF;2014J;560823;-16;12
503;FFF;2014J;561231;-45;
504;FFF;2014J;561311;-36;
505;FFF;2014J;561519;-143;-66
506;FFF;2014J;562064;-22;
507;FFF;2014J;562754;-153;
508;FFF;2014J;562762;-72;-32
509;FFF;2014J;562990;-155;
510;FFF;2014J;563108;-53;
511;FFF;2014J;563414;-115;
512;FFF;2014J;564243;-7;
513;FFF;2014J;564617;-7;
514;FFF;2014J;564770;-115;
515;FFF;2014J;564821;-148;157
516;FFF;2014J;564933;-70;
517;FFF;2014J;565017;-51;
518;FFF;2014J;565474;-127;12
519;FFF;2014J;566823;-140;
520;FFF;2014J;567213;-85;79
521;FFF;2014J;568443;-140;-103
522;FFF;2014J;568447;-16;12
523;FFF;2014J;568987;-150;
524;FFF;2014J;568998;-134;114
525;FFF;2014J;569034;-49;
526;FFF;2014J;569080;-137;
527;FFF;2014J;569108;-23;
528;FFF;2014J;569556;-46;12
529;FFF;2014J;569745;-150;12
530;FFF;2014J;569876;-18;
531;FFF;2014J;570004;-106;
532;FFF;2014J;570213;-28;
533;FFF;2014J;570280;-29;
534;FFF;2014J;570689;-113;
535;FFF;2014J;571074;-31;
536;FFF;2014J;571932;-53;-9
537;FFF;2014J;571950;-92;38
538;FFF;2014J;572071;-102;
539;FFF;2014J;572074;-101;
540;FFF;2014J;572213;-124;
541;FFF;2014J;572265;-46;
542;FFF;2014J;572804;-134;12
543;FFF;2014J;573007;-87;156
544;FFF;2014J;573291;-88;12
545;FFF;2014J;573481;-107;87
546;FFF;2014J;573583;-24;
547;FFF;2014J;573697;-71;11
548;FFF;2014J;574068;-64;4
549;FFF;2014J;574527;-80;
550;FFF;2014J;574638;-46;4
551;FFF;2014J;574695;-147;43
552;FFF;2014J;575069;-53;
553;FFF;2014J;575112;-74;
554;FFF;2014J;575302;-85;
555;FFF;2014J;575685;-147;
556;FFF;2014J;575710;-29;11
557;FFF;2014J;575983;-31;12
558;FFF;2014J;576140;-85;18
559;FFF;2014J;576423;-38;12
560;FFF;2014J;577032;-109;
561;FFF;2014J;577429;-115;
562;FFF;2014J;577533;-128;
563;FFF;2014J;577950;-113;-3
564;FFF;2014J;578152;-147;
565;FFF;2014J;578495;-14;79
566;FFF;2014J;578573;-35;-1
567;FFF;2014J;578847;-95;
568;FFF;2014J;579221;-101;170
569;FFF;2014J;579660;-41;
570;FFF;2014J;579686;-85;
571;FFF;2014J;580459;-135;
572;FFF;2014J;580834;-123;
573;FFF;2014J;580845;-115;
574;FFF;2014J;580926;-25;
575;FFF;2014J;581219;-65;
576;FFF;2014J;581253;-38;
577;FFF;2014J;581659;-155;
578;FFF;2014J;581779;-115;
579;FFF;2014J;582034;-23;135
580;FFF;2014J;582117;-32;
581;FFF;2014J;582141;-67;
582;FFF;2014J;582266;-135;
583;FFF;2014J;582332;-50;
584;FFF;2014J;582530;-107;
585;FFF;2014J;582653;-78;
586;FFF;2014J;582670;-129;
587;FFF;2014J;582749;-9;4
588;FFF;2014J;583056;-35;
589;FFF;2014J;583318;-153;
590;FFF;2014J;583487;-92;
591;FFF;2014J;584210;-66;12
592;FFF;2014J;584362;-115;128
593;FFF;2014J;584515;-135;
594;FFF;2014J;584594;-31;12
595;FFF;2014J;584673;-18;
596;FFF;2014J;585021;-115;17
597;FFF;2014J;585224;-44;
598;FFF;2014J;585261;-32;
599;FFF;2014J;585284;-128;
600;FFF;2014J;585301;-81;12
601;FFF;2014J;585503;-24;
602;FFF;2014J;585572;-17;
603;FFF;2014J;585724;-98;
604;FFF;2014J;585825;-14;136
605;FFF;2014J;585958;-32;
606;FFF;2014J;586282;-106;8
607;FFF;2014J;586811;-52;
608;FFF;2014J;586906;-100;
609;FFF;2014J;587509;-23;
610;FFF;2014J;587571;-65;
611;FFF;2014J;587654;-95;81
612;FFF;2014J;587706;-72;
613;FFF;2014J;588128;-46;
614;FFF;2014J;588628;-44;
615;FFF;2014J;589080;-32;
616;FFF;2014J;589162;-32;
617;FFF;2014J;589332;-114;
618;FFF;2014J;589389;-115;
619;FFF;2014J;589441;-93;104
620;FFF;2014J;589798;-80;12
621;FFF;2014J;589828;-24;
622;FFF;2014J;590120;-114;
623;FFF;2014J;590381;-144;-23
624;FFF;2014J;590462;-153;96
625;FFF;2014J;590543;-113;
626;FFF;2014J;590818;-7;
627;FFF;2014J;591525;-67;
628;FFF;2014J;591581;-57;
629;FFF;2014J;591655;-38;
630;FFF;2014J;591746;-64;121
631;FFF;2014J;591946;-155;
632;FFF;2014J;592218;-93;
633;FFF;2014J;592233;-15;10
634;FFF;2014J;592295;-22;
635;FFF;2014J;592558;-80;
636;FFF;2014J;592657;-34;12
637;FFF;2014J;592939;-56;
638;FFF;2014J;593136;-94;
639;FFF;2014J;593563;-154;
640;FFF;2014J;593722;-56;
641;FFF;2014J;593796;-22;
642;FFF;2014J;594065;-92;
643;FFF;2014J;594122;-71;
644;FFF;2014J;594229;-98;
645;FFF;2014J;594258;-14;
646;FFF;2014J;594406;-5;
647;FFF;2014J;594615;-25;
648;FFF;2014J;594636;-22;
649;FFF;2014J;595246;-46;150
650;FFF;2014J;595262;-31;
651;FFF;2014J;595673;-137;-5
652;FFF;2014J;595676;-149;
653;FFF;2014J;595721;-150;
654;FFF;2014J;595943;-50;
655;FFF;2014J;596052;-25;12
656;FFF;2014J;596203;-102;94
657;FFF;2014J;596243;-42;
658;FFF;2014J;596245;-95;-30
659;FFF;2014J;596253;-29;
660;FFF;2014J;596464;-65;164
661;FFF;2014J;596693;-65;12
662;FFF;2014J;596758;-149;
663;FFF;2014J;596805;-24;114
664;FFF;2014J;597391;-134;12
665;FFF;2014J;597740;-28;
666;FFF;2014J;597937;-51;
667;FFF;2014J;598308;-32;
668;FFF;2014J;598442;-9;4
669;FFF;2014J;598540;-153;
670;FFF;2014J;598559;-155;
671;FFF;2014J;598582;-150;-47
672;FFF;2014J;598757;-14;
673;FFF;2014J;598939;-124;12
674;FFF;2014J;599007;-101;20
675;FFF;2014J;599297;-9;
676;FFF;2014J;599865;-28;
677;FFF;2014J;600071;-32;
678;FFF;2014J;600405;-22;
679;FFF;2014J;600615;-18;12
680;FFF;2014J;600773;-52;204
681;FFF;2014J;600893;-37;
682;FFF;2014J;601008;-21;
683;FFF;2014J;601180;-16;
684;FFF;2014J;601235;-28;
685;FFF;2014J;601271;-137;
686;FFF;2014J;601680;-25;171
687;FFF;2014J;601820;-2;
688;FFF;2014J;602502;-144;
689;FFF;2014J;602594;-36;
690;FFF;2014J;603423;-147;
691;FFF;2014J;603648;-17;
692;FFF;2014J;603931;-115;110
693;FFF;2014J;604142;-78;12
694;FFF;2014J;604567;-52;
695;FFF;2014J;604614;-149;
696;FFF;2014J;604652;-36;-29
697;FFF;2014J;604907;-32;
698;FFF;2014J;605091;-147;
699;FFF;2014J;605180;-141;
700;FFF;2014J;605228;-81;
701;FFF;2014J;605394;-22;
702;FFF;2014J;605682;-58;
703;FFF;2014J;606257;-43;
704;FFF;2014J;606293;-71;-32
705;FFF;2014J;606428;-53;101
706;FFF;2014J;606805;-80;143
707;FFF;2014J;606904;-34;
708;FFF;2014J;607243;-56;
709;FFF;2014J;607303;-24;
710;FFF;2014J;607501;-95;
711;FFF;2014J;607533;-140;2
712;FFF;2014J;607679;-129;
713;FFF;2014J;607700;-98;
714;FFF;2014J;607733;-43;46
715;FFF;2014J;607866;-80;
716;FFF;2014J;608248;-108;
717;FFF;2014J;609142;-25;
718;FFF;2014J;609240;-121;
719;FFF;2014J;611465;-84;12
720;FFF;2014J;611603;-22;
721;FFF;2014J;612763;-123;12
722;FFF;2014J;612842;-155;
723;FFF;2014J;613165;-21;
724;FFF;2014J;613330;-79;
725;FFF;2014J;613634;-67;
726;FFF;2014J;613899;-144;
727;FFF;2014J;613966;-22;
728;FFF;2014J;614059;-155;
729;FFF;2014J;614984;-142;
730;FFF;2014J;615266;-155;
731;FFF;2014J;615299;-14;
732;FFF;2014J;615301;-14;
733;FFF;2014J;615302;-14;
734;FFF;2014J;615306;-14;
735;FFF;2014J;615328;-14;153
736;FFF;2014J;615340;-14;
737;FFF;2014J;615342;-14;
738;FFF;2014J;615356;-14;
739;FFF;2014J;616517;-23;
740;FFF;2014J;616912;-144;
741;FFF;2014J;617010;-44;
742;FFF;2014J;617119;-14;
743;FFF;2014J;617130;-49;198
744;FFF;2014J;617150;-7;89
745;FFF;2014J;617332;-30;
746;FFF;2014J;617436;-129;174
747;FFF;2014J;617580;-34;
748;FFF;2014J;617783;-30;
749;FFF;2014J;617922;-87;
750;FFF;2014J;618252;-109;32
751;FFF;2014J;618663;-21;
752;FFF;2014J;619204;-155;
753;FFF;2014J;619292;-36;
754;FFF;2014J;619321;-34;
755;FFF;2014J;619502;-14;
756;FFF;2014J;619863;-57;12
757;FFF;2014J;619887;-51;-9
758;FFF;2014J;620094;-155;
759;FFF;2014J;620112;-106;116
760;FFF;2014J;620269;-44;
761;FFF;2014J;620349;-28;179
762;FFF;2014J;620431;-78;
763;FFF;2014J;620740;-143;
764;FFF;2014J;620750;-102;116
765;FFF;2014J;620810;-21;
766;FFF;2014J;620824;-102;
767;FFF;2014J;621307;-8;12
768;FFF;2014J;622029;-46;66
769;FFF;2014J;622275;-129;150
770;FFF;2014J;622362;-156;51
771;FFF;2014J;622481;-146;
772;FFF;2014J;622760;-93;
773;FFF;2014J;622899;-150;6
774;FFF;2014J;622910;-4;174
775;FFF;2014J;622934;-153;
776;FFF;2014J;622967;-28;
777;FFF;2014J;623166;-153;72
778;FFF;2014J;623230;-77;206
779;FFF;2014J;623471;-20;
780;FFF;2014J;623589;-129;
781;FFF;2014J;623763;-78;12
782;FFF;2014J;623765;-65;
783;FFF;2014J;623917;-147;61
784;FFF;2014J;623945;-73;12
785;FFF;2014J;623955;-57;
786;FFF;2014J;624282;-85;
787;FFF;2014J;624740;-122;11
788;FFF;2014J;624864;-56;
789;FFF;2014J;624970;-36;
790;FFF;2014J;625245;-10;
791;FFF;2014J;625330;-106;190
792;FFF;2014J;625515;-60;
793;FFF;2014J;625609;-42;
794;FFF;2014J;625743;-28;
795;FFF;2014J;625802;-44;
796;FFF;2014J;625838;-56;
797;FFF;2014J;626033;-38;
798;FFF;2014J;626349;-71;
799;FFF;2014J;626416;-109;
800;FFF;2014J;626454;-45;
801;FFF;2014J;626477;-74;
802;FFF;2014J;626514;-149;
803;FFF;2014J;626539;-60;143
804;FFF;2014J;626552;-71;
805;FFF;2014J;626579;-87;
806;FFF;2014J;627238;-108;-15
807;FFF;2014J;627365;-59;
808;FFF;2014J;627379;-109;
809;FFF;2014J;627443;-30;-3
810;FFF;2014J;627829;-49;
811;FFF;2014J;627840;-154;-47
812;FFF;2014J;628054;-115;95
813;FFF;2014J;628149;-108;
814;FFF;2014J;628157;-149;
815;FFF;2014J;628308;-18;173
816;FFF;2014J;628363;-50;
817;FFF;2014J;628383;-52;
818;FFF;2014J;628521;-149;
819;FFF;2014J;628888;-22;
820;FFF;2014J;628964;-22;
821;FFF;2014J;629029;-77;
822;FFF;2014J;629182;-74;
823;FFF;2014J;629394;-28;
824;FFF;2014J;629491;-155;
825;FFF;2014J;629522;-17;240
826;FFF;2014J;629594;-115;
827;FFF;2014J;629686;-38;62
828;FFF;2014J;629818;-23;
829;FFF;2014J;629907;-95;
830;FFF;2014J;629922;-37;
831;FFF;2014J;629944;-85;
832;FFF;2014J;630024;-22;-3
833;FFF;2014J;630109;-73;
834;FFF;2014J;630158;-80;
835;FFF;2014J;630168;-8;124
836;FFF;2014J;630186;-155;31
837;FFF;2014J;630289;-115;-88
838;FFF;2014J;630358;-72;12
839;FFF;2014J;630510;-140;-1
840;FFF;2014J;630745;-115;158
841;FFF;2014J;630835;-154;
842;FFF;2014J;630905;-95;
843;FFF;2014J;630910;-88;
844;FFF;2014J;630992;-60;
845;FFF;2014J;631075;-22;
846;FFF;2014J;631193;-127;41
847;FFF;2014J;631438;-109;
848;FFF;2014J;631524;-63;
849;FFF;2014J;631658;-108;
850;FFF;2014J;631681;-22;
851;FFF;2014J;631715;-25;
852;FFF;2014J;631740;-94;
853;FFF;2014J;631750;-23;12
854;FFF;2014J;631772;-28;
855;FFF;2014J;631837;-34;
856;FFF;2014J;631924;-101;
857;FFF;2014J;632074;-17;
858;FFF;2014J;632179;-98;86
859;FFF;2014J;632276;-106;12
860;FFF;2014J;632290;-80;
861;FFF;2014J;632458;-106;
862;FFF;2014J;632556;-22;
863;FFF;2014J;632597;-22;
864;FFF;2014J;632634;-134;
865;FFF;2014J;632773;-20;12
866;FFF;2014J;632826;-9;
867;FFF;2014J;632836;-25;
868;FFF;2014J;633079;-10;
869;FFF;2014J;633516;-25;
870;FFF;2014J;633555;-50;
871;FFF;2014J;633568;-60;
872;FFF;2014J;633628;-78;
873;FFF;2014J;633867;-30;
874;FFF;2014J;633931;-100;
875;FFF;2014J;634088;-25;
876;FFF;2014J;634114;-28;
877;FFF;2014J;634512;-25;
878;FFF;2014J;634526;-3;
879;FFF;2014J;634601;-60;
880;FFF;2014J;634749;-63;
881;FFF;2014J;634888;-150;
882;FFF;2014J;634943;-43;46
883;FFF;2014J;635079;-23;
884;FFF;2014J;635165;-155;29
885;FFF;2014J;635184;-50;
886;FFF;2014J;635191;-135;23
887;FFF;2014J;635271;-135;-8
888;FFF;2014J;635410;-115;
889;FFF;2014J;635746;-154;59
890;FFF;2014J;635751;-37;
891;FFF;2014J;635795;-8;
892;FFF;2014J;635903;-129;
893;FFF;2014J;635985;-23;
894;FFF;2014J;636314;-99;
895;FFF;2014J;636375;-155;93
896;FFF;2014J;636400;-115;
897;FFF;2014J;636407;-79;
898;FFF;2014J;636408;-31;
899;FFF;2014J;636469;-102;
900;FFF;2014J;636492;-85;64
901;FFF;2014J;636547;-22;
902;FFF;2014J;636565;-129;
903;FFF;2014J;636634;-140;52
904;FFF;2014J;636653;-155;
905;FFF;2014J;636656;-106;
906;FFF;2014J;636704;-30;
907;FFF;2014J;636749;-150;-15
908;FFF;2014J;636783;-88;
909;FFF;2014J;636830;-92;
910;FFF;2014J;636832;-24;
911;FFF;2014J;637004;-155;
912;FFF;2014J;637089;-5;
913;FFF;2014J;637338;-37;12
914;FFF;2014J;637358;-29;
915;FFF;2014J;637474;-129;12
916;FFF;2014J;637509;-35;
917;FFF;2014J;637514;-63;199
918;FFF;2014J;637563;-66;
919;FFF;2014J;637582;-21;
920;FFF;2014J;637708;-133;
921;FFF;2014J;637788;-109;
922;FFF;2014J;637800;-67;114
923;FFF;2014J;637906;-87;
924;FFF;2014J;637939;-142;
925;FFF;2014J;637980;-28;
926;FFF;2014J;638034;-7;
927;FFF;2014J;638388;-150;
928;FFF;2014J;638411;-53;
929;FFF;2014J;638414;-155;-39
930;FFF;2014J;638425;-34;12
931;FFF;2014J;638498;-155;
932;FFF;2014J;638515;-155;
933;FFF;2014J;638625;-155;
934;FFF;2014J;638655;-60;
935;FFF;2014J;638677;-123;195
936;FFF;2014J;638831;-149;
937;FFF;2014J;639028;-71;
938;FFF;2014J;639231;-142;
939;FFF;2014J;639234;-79;149
940;FFF;2014J;639238;-154;114
941;FFF;2014J;639522;-67;
942;FFF;2014J;639919;-144;72
943;FFF;2014J;639993;-37;
944;FFF;2014J;640098;-15;
945;FFF;2014J;640140;-102;-3
946;FFF;2014J;640278;-81;
947;FFF;2014J;640329;-154;
948;FFF;2014J;640393;-86;-39
949;FFF;2014J;640429;-150;
950;FFF;2014J;640552;-79;53
951;FFF;2014J;640584;-77;93
952;FFF;2014J;640711;-140;
953;FFF;2014J;640752;-15;
954;FFF;2014J;640774;-38;-15
955;FFF;2014J;640848;-144;
956;FFF;2014J;640892;-44;
957;FFF;2014J;640913;-64;
958;FFF;2014J;640927;-143;
959;FFF;2014J;641028;-21;
960;FFF;2014J;641085;-154;
961;FFF;2014J;641137;-23;
962;FFF;2014J;641169;-136;12
963;FFF;2014J;641265;-51;20
964;FFF;2014J;641275;-95;62
965;FFF;2014J;641307;-140;-127
966;FFF;2014J;641309;-63;
967;FFF;2014J;641311;-142;
968;FFF;2014J;641363;-143;
969;FFF;2014J;641401;-9;
970;FFF;2014J;641404;-53;47
971;FFF;2014J;641433;-78;
972;FFF;2014J;641461;-142;
973;FFF;2014J;641470;-155;
974;FFF;2014J;641547;-29;
975;FFF;2014J;641565;-148;-2
976;FFF;2014J;641804;-25;75
977;FFF;2014J;641864;-136;
978;FFF;2014J;641866;-129;49
979;FFF;2014J;641914;-25;
980;FFF;2014J;642013;-129;-3
981;FFF;2014J;642029;-120;
982;FFF;2014J;642056;-25;
983;FFF;2014J;642128;-144;-61
984;FFF;2014J;642375;-115;
985;FFF;2014J;642448;-79;
986;FFF;2014J;642449;-21;
987;FFF;2014J;642493;-16;
988;FFF;2014J;642496;-25;90
989;FFF;2014J;642498;-99;
990;FFF;2014J;642536;-16;
991;FFF;2014J;642551;-146;
992;FFF;2014J;642560;-109;10
993;FFF;2014J;642626;-77;65
994;FFF;2014J;642730;-129;
995;FFF;2014J;642740;-29;
996;FFF;2014J;642750;-31;
997;FFF;2014J;642790;-147;12
998;FFF;2014J;642840;-133;
999;FFF;2014J;642843;-99;
1000;FFF;2014J;642872;-149;
1001;FFF;2014J;642909;-140;
1002;FFF;2014J;642939;-136;34
1003;FFF;2014J;643024;-73;60
1004;FFF;2014J;643069;-129;
1005;FFF;2014J;643202;-93;
1006;FFF;2014J;643220;-23;
1007;FFF;2014J;643273;-93;
1008;FFF;2014J;643326;-37;
1009;FFF;2014J;643372;-67;
1010;FFF;2014J;643379;-147;-99
1011;FFF;2014J;643455;-147;-23
1012;FFF;2014J;643466;-21;
1013;FFF;2014J;643477;-112;
1014;FFF;2014J;643496;-44;
1015;FFF;2014J;643502;-67;
1016;FFF;2014J;643591;-66;
1017;FFF;2014J;643653;-142;
1018;FFF;2014J;643690;-84;101
1019;FFF;2014J;643696;-155;
1020;FFF;2014J;643751;-53;
1021;FFF;2014J;643754;-84;
1022;FFF;2014J;643757;-70;
1023;FFF;2014J;644025;-101;
1024;FFF;2014J;644210;-136;
1025;FFF;2014J;644303;-144;72
1026;FFF;2014J;644343;-136;
1027;FFF;2014J;644361;-148;
1028;FFF;2014J;644369;-8;
1029;FFF;2014J;644430;-15;
1030;FFF;2014J;644450;-153;
1031;FFF;2014J;644508;-107;
1032;FFF;2014J;644761;-129;
1033;FFF;2014J;644784;-147;
1034;FFF;2014J;644791;-150;
1035;FFF;2014J;644818;-94;
1036;FFF;2014J;644834;-25;-25
1037;FFF;2014J;644847;-153;
1038;FFF;2014J;644871;-148;12
1039;FFF;2014J;644885;-95;-22
1040;FFF;2014J;644934;-16;20
1041;FFF;2014J;644936;-81;
1042;FFF;2014J;644967;-143;
1043;FFF;2014J;644974;-155;
1044;FFF;2014J;645003;-41;
1045;FFF;2014J;645020;-98;
1046;FFF;2014J;645078;-86;
1047;FFF;2014J;645145;-141;
1048;FFF;2014J;645194;-79;-15
1049;FFF;2014J;645366;-142;75
1050;FFF;2014J;645401;-128;12
1051;FFF;2014J;645405;-115;
1052;FFF;2014J;645407;-113;24
1053;FFF;2014J;645433;-79;164
1054;FFF;2014J;645496;-155;
1055;FFF;2014J;645518;-51;
1056;FFF;2014J;645529;-136;-12
1057;FFF;2014J;645586;-63;
1058;FFF;2014J;645618;-155;-151
1059;FFF;2014J;645638;-79;-36
1060;FFF;2014J;645705;-56;
1061;FFF;2014J;645732;-155;
1062;FFF;2014J;645784;-106;
1063;FFF;2014J;645787;-155;10
1064;FFF;2014J;645790;-150;
1065;FFF;2014J;645800;-155;59
1066;FFF;2014J;645840;-129;
1067;FFF;2014J;645880;-91;
1068;FFF;2014J;645948;-122;
1069;FFF;2014J;645960;-15;
1070;FFF;2014J;645997;-60;
1071;FFF;2014J;646015;-148;
1072;FFF;2014J;646017;-154;
1073;FFF;2014J;646053;-87;
1074;FFF;2014J;646074;-35;
1075;FFF;2014J;646083;-105;-10
1076;FFF;2014J;646085;-36;
1077;FFF;2014J;646091;-70;12
1078;FFF;2014J;646120;-137;-75
1079;FFF;2014J;646138;-154;
1080;FFF;2014J;646313;-109;
1081;FFF;2014J;646357;-38;
1082;FFF;2014J;646402;-94;
1083;FFF;2014J;646460;-64;
1084;FFF;2014J;646498;-135;
1085;FFF;2014J;646539;-79;
1086;FFF;2014J;646540;-24;
1087;FFF;2014J;646551;-150;
1088;FFF;2014J;646613;-109;-15
1089;FFF;2014J;646638;-17;
1090;FFF;2014J;646670;-155;
1091;FFF;2014J;646734;-70;196
1092;FFF;2014J;646742;-122;75
1093;FFF;2014J;646750;-87;
1094;FFF;2014J;646778;-129;
1095;FFF;2014J;646807;-22;137
1096;FFF;2014J;646972;-79;11
1097;FFF;2014J;646990;-155;
1098;FFF;2014J;647005;-112;12
1099;FFF;2014J;647033;-28;12
1100;FFF;2014J;647040;-37;
1101;FFF;2014J;647045;-150;
1102;FFF;2014J;647072;-155;12
1103;FFF;2014J;647111;-72;74
1104;FFF;2014J;647154;-143;
1105;FFF;2014J;647169;-129;
1106;FFF;2014J;647171;-154;
1107;FFF;2014J;647194;-23;
1108;FFF;2014J;647210;-153;54
1109;FFF;2014J;647245;-25;9
1110;FFF;2014J;647284;-81;2
1111;FFF;2014J;647320;-23;
1112;FFF;2014J;647321;-115;12
1113;FFF;2014J;647324;-154;
1114;FFF;2014J;647339;-127;
1115;FFF;2014J;647348;-141;12
1116;FFF;2014J;647391;-78;
1117;FFF;2014J;647398;-155;
1118;FFF;2014J;647399;-154;
1119;FFF;2014J;647417;-77;12
1120;FFF;2014J;647425;-16;
1121;FFF;2014J;647485;-60;
1122;FFF;2014J;647496;-129;
1123;FFF;2014J;647525;-150;67
1124;FFF;2014J;647594;-115;12
1125;FFF;2014J;647598;-30;
1126;FFF;2014J;647765;-127;
1127;FFF;2014J;647784;-154;12
1128;FFF;2014J;647799;-147;-103
1129;FFF;2014J;647841;-108;
1130;FFF;2014J;647898;-37;
1131;FFF;2014J;647910;-144;
1132;FFF;2014J;647915;-81;60
1133;FFF;2014J;647945;-150;
1134;FFF;2014J;647987;-105;
1135;FFF;2014J;648027;-102;
1136;FFF;2014J;648037;-143;
1137;FFF;2014J;648038;-155;
1138;FFF;2014J;648040;-108;
1139;FFF;2014J;648086;-141;
1140;FFF;2014J;648105;-155;
1141;FFF;2014J;648114;-101;
1142;FFF;2014J;648116;-88;
1143;FFF;2014J;648118;-77;-37
1144;FFF;2014J;648137;-135;12
1145;FFF;2014J;648140;-105;
1146;FFF;2014J;648190;-155;
1147;FFF;2014J;648244;-43;
1148;FFF;2014J;648254;-149;
1149;FFF;2014J;648287;-23;
1150;FFF;2014J;648348;-155;-136
1151;FFF;2014J;648353;-155;
1152;FFF;2014J;648365;-67;
1153;FFF;2014J;648366;-129;
1154;FFF;2014J;648373;-155;-45
1155;FFF;2014J;648455;-149;
1156;FFF;2014J;648457;-140;
1157;FFF;2014J;648470;-133;
1158;FFF;2014J;648477;-154;12
1159;FFF;2014J;648508;-2;
1160;FFF;2014J;648515;-87;
1161;FFF;2014J;648521;-144;-120
1162;FFF;2014J;648531;-58;
1163;FFF;2014J;648536;-155;
1164;FFF;2014J;648546;-155;2
1165;FFF;2014J;648564;-35;
1166;FFF;2014J;648571;-106;
1167;FFF;2014J;648576;-123;
1168;FFF;2014J;648590;-155;
1169;FFF;2014J;648605;-150;12
1170;FFF;2014J;648611;-154;
1171;FFF;2014J;648613;-148;
1172;FFF;2014J;648650;-72;-53
1173;FFF;2014J;648661;-99;
1174;FFF;2014J;648667;-155;12
1175;FFF;2014J;648685;-74;
1176;FFF;2014J;648698;-115;-87
1177;FFF;2014J;648725;-155;12
1178;FFF;2014J;648804;-147;
1179;FFF;2014J;648815;-114;
1180;FFF;2014J;648819;-154;-4
1181;FFF;2014J;648840;-98;12
1182;FFF;2014J;648863;-20;12
1183;FFF;2014J;648867;-135;
1184;FFF;2014J;648872;-154;31
1185;FFF;2014J;648903;-25;
1186;FFF;2014J;648927;-45;69
1187;FFF;2014J;648930;-135;
1188;FFF;2014J;648972;-70;
1189;FFF;2014J;648995;-133;100
1190;FFF;2014J;649004;-140;
1191;FFF;2014J;649009;-150;
1192;FFF;2014J;649020;-154;158
1193;FFF;2014J;649028;-9;45
1194;FFF;2014J;649036;-95;88
1195;FFF;2014J;649079;-153;237
1196;FFF;2014J;649084;-150;
1197;FFF;2014J;649093;-60;
1198;FFF;2014J;649118;-155;
1199;FFF;2014J;649141;-137;198
1200;FFF;2014J;649147;-70;12
1201;FFF;2014J;649159;-53;
1202;FFF;2014J;649161;-149;12
1203;FFF;2014J;649165;-44;
1204;FFF;2014J;649207;-153;
1205;FFF;2014J;649212;-108;
1206;FFF;2014J;649230;-5;170
1207;FFF;2014J;649258;-22;
1208;FFF;2014J;649284;-16;
1209;FFF;2014J;649325;-144;93
1210;FFF;2014J;649336;-144;140
1211;FFF;2014J;649379;-45;
1212;FFF;2014J;649385;-120;116
1213;FFF;2014J;649389;-95;-9
1214;FFF;2014J;649400;-37;
1215;FFF;2014J;649434;-153;
1216;FFF;2014J;649435;-63;
1217;FFF;2014J;649457;-60;
1218;FFF;2014J;649469;-135;
1219;FFF;2014J;649523;-154;-12
1220;FFF;2014J;649547;-114;86
1221;FFF;2014J;649555;-88;11
1222;FFF;2014J;649566;-128;
1223;FFF;2014J;649580;-129;12
1224;FFF;2014J;649619;-153;
1225;FFF;2014J;649735;-150;
1226;FFF;2014J;649764;-23;2
1227;FFF;2014J;649806;-43;
1228;FFF;2014J;649849;-150;12
1229;FFF;2014J;649891;-29;135
1230;FFF;2014J;649926;-150;-94
1231;FFF;2014J;649952;-99;
1232;FFF;2014J;649954;-81;123
1233;FFF;2014J;649979;-136;
1234;FFF;2014J;650031;-120;
1235;FFF;2014J;650048;-136;
1236;FFF;2014J;650052;-71;-26
1237;FFF;2014J;650054;-150;185
1238;FFF;2014J;650085;-50;12
1239;FFF;2014J;650108;-86;
1240;FFF;2014J;650123;-64;51
1241;FFF;2014J;650148;-150;12
1242;FFF;2014J;650160;-45;
1243;FFF;2014J;650170;-135;
1244;FFF;2014J;650180;-85;-39
1245;FFF;2014J;650251;-74;
1246;FFF;2014J;650285;-127;-115
1247;FFF;2014J;650287;-65;103
1248;FFF;2014J;650321;-129;12
1249;FFF;2014J;650353;-149;-37
1250;FFF;2014J;650363;-135;
1251;FFF;2014J;650370;-113;
1252;FFF;2014J;650398;-133;12
1253;FFF;2014J;650400;-120;-2
1254;FFF;2014J;650424;-50;
1255;FFF;2014J;650461;-122;
1256;FFF;2014J;650464;-147;12
1257;FFF;2014J;650469;-71;
1258;FFF;2014J;650473;-52;
1259;FFF;2014J;650543;-149;
1260;FFF;2014J;650544;-120;12
1261;FFF;2014J;650570;-149;
1262;FFF;2014J;650637;-57;13
1263;FFF;2014J;650682;-38;143
1264;FFF;2014J;650716;-144;
1265;FFF;2014J;650717;-58;12
1266;FFF;2014J;650758;-144;
1267;FFF;2014J;650791;-30;-1
1268;FFF;2014J;650861;-94;
1269;FFF;2014J;650866;-35;
1270;FFF;2014J;650923;-147;
1271;FFF;2014J;650952;-148;12
1272;FFF;2014J;650960;-31;
1273;FFF;2014J;651040;-147;
1274;FFF;2014J;651121;-144;
1275;FFF;2014J;651126;-53;
1276;FFF;2014J;651182;-147;
1277;FFF;2014J;651200;-67;
1278;FFF;2014J;651238;-32;
1279;FFF;2014J;651253;-100;171
1280;FFF;2014J;651255;-42;
1281;FFF;2014J;651330;-31;
1282;FFF;2014J;651334;-10;
1283;FFF;2014J;651351;-113;-1
1284;FFF;2014J;651354;-133;
1285;FFF;2014J;651381;-102;
1286;FFF;2014J;651398;-10;12
1287;FFF;2014J;651419;-31;
1288;FFF;2014J;651473;-64;67
1289;FFF;2014J;651478;-144;
1290;FFF;2014J;651498;-56;
1291;FFF;2014J;651555;-72;
1292;FFF;2014J;651598;-115;
1293;FFF;2014J;651608;-135;-38
1294;FFF;2014J;651611;-140;-8
1295;FFF;2014J;651639;-35;10
1296;FFF;2014J;651693;-93;
1297;FFF;2014J;651697;-141;-1
1298;FFF;2014J;651879;-85;12
1299;FFF;2014J;651881;-109;
1300;FFF;2014J;651886;-57;135
1301;FFF;2014J;651927;-129;
1302;FFF;2014J;651972;-9;
1303;FFF;2014J;651990;-108;
1304;FFF;2014J;652008;-133;
1305;FFF;2014J;652025;-143;-23
1306;FFF;2014J;652064;-136;
1307;FFF;2014J;652087;-135;
1308;FFF;2014J;652311;-65;12
1309;FFF;2014J;652333;-137;
1310;FFF;2014J;652335;-74;
1311;FFF;2014J;652336;-49;59
1312;FFF;2014J;652438;-25;
1313;FFF;2014J;652569;-8;12
1314;FFF;2014J;652576;-140;
1315;FFF;2014J;652593;-59;66
1316;FFF;2014J;652625;-38;
1317;FFF;2014J;652647;-136;
1318;FFF;2014J;652659;-87;
1319;FFF;2014J;652664;-137;
1320;FFF;2014J;652672;-74;
1321;FFF;2014J;652684;-121;
1322;FFF;2014J;652706;-44;24
1323;FFF;2014J;652711;-37;
1324;FFF;2014J;652752;-135;
1325;FFF;2014J;652753;-102;
1326;FFF;2014J;652769;-23;
1327;FFF;2014J;652788;-86;
1328;FFF;2014J;652801;-34;89
1329;FFF;2014J;652824;-137;
1330;FFF;2014J;652832;-137;56
1331;FFF;2014J;652887;-99;
1332;FFF;2014J;652890;-72;
1333;FFF;2014J;652898;-129;
1334;FFF;2014J;652994;-122;
1335;FFF;2014J;652998;-93;
1336;FFF;2014J;653045;-81;
1337;FFF;2014J;653051;-135;-54
1338;FFF;2014J;653115;-129;
1339;FFF;2014J;653144;-77;177
1340;FFF;2014J;653174;-137;11
1341;FFF;2014J;653183;-102;79
1342;FFF;2014J;653206;-113;69
1343;FFF;2014J;653255;-136;5
1344;FFF;2014J;653297;-5;
1345;FFF;2014J;653301;-38;
1346;FFF;2014J;653336;-136;-12
1347;FFF;2014J;653356;-133;101
1348;FFF;2014J;653372;-91;73
1349;FFF;2014J;653381;-115;
1350;FFF;2014J;653417;-136;
1351;FFF;2014J;653536;-136;
1352;FFF;2014J;653558;-78;
1353;FFF;2014J;653567;-99;
1354;FFF;2014J;653595;-108;
1355;FFF;2014J;653616;-135;-23
1356;FFF;2014J;653653;-135;
1357;FFF;2014J;653659;-66;
1358;FFF;2014J;653747;-133;-127
1359;FFF;2014J;653773;-129;
1360;FFF;2014J;653797;-121;95
1361;FFF;2014J;653841;-109;
1362;FFF;2014J;653846;-32;48
1363;FFF;2014J;653848;-56;5
1364;FFF;2014J;653854;-129;-12
1365;FFF;2014J;653857;-32;
1366;FFF;2014J;653988;-67;
1367;FFF;2014J;654045;-35;
1368;FFF;2014J;654048;-77;12
1369;FFF;2014J;654094;-71;104
1370;FFF;2014J;654112;-122;89
1371;FFF;2014J;654114;-128;
1372;FFF;2014J;654169;-74;
1373;FFF;2014J;654217;-120;
1374;FFF;2014J;654228;-94;130
1375;FFF;2014J;654236;-46;
1376;FFF;2014J;654260;-23;
1377;FFF;2014J;654289;-101;-1
1378;FFF;2014J;654322;-49;11
1379;FFF;2014J;654338;-129;3
1380;FFF;2014J;654339;-10;
1381;FFF;2014J;654351;-66;
1382;FFF;2014J;654407;-129;11
1383;FFF;2014J;654432;-23;75
1384;FFF;2014J;654441;-63;
1385;FFF;2014J;654563;-94;75
1386;FFF;2014J;654565;-79;
1387;FFF;2014J;654578;-129;
1388;FFF;2014J;654597;-43;
1389;FFF;2014J;654619;-129;12
1390;FFF;2014J;654620;-129;17
1391;FFF;2014J;654671;-129;27
1392;FFF;2014J;654677;-88;37
1393;FFF;2014J;654684;-93;172
1394;FFF;2014J;654692;-58;
1395;FFF;2014J;654698;-101;12
1396;FFF;2014J;654732;-129;12
1397;FFF;2014J;654738;-66;24
1398;FFF;2014J;654816;-102;-8
1399;FFF;2014J;654819;-23;
1400;FFF;2014J;654824;-59;
1401;FFF;2014J;654834;-129;
1402;FFF;2014J;654852;-29;125
1403;FFF;2014J;654867;-109;
1404;FFF;2014J;654943;-120;-10
1405;FFF;2014J;654947;-52;
1406;FFF;2014J;654960;-128;-18
1407;FFF;2014J;655028;-25;
1408;FFF;2014J;655088;-106;51
1409;FFF;2014J;655113;-127;12
1410;FFF;2014J;655115;-23;
1411;FFF;2014J;655124;-91;
1412;FFF;2014J;655127;-85;
1413;FFF;2014J;655353;-91;
1414;FFF;2014J;655386;-106;
1415;FFF;2014J;655402;-67;-5
1416;FFF;2014J;655412;-127;
1417;FFF;2014J;655416;-127;104
1418;FFF;2014J;655417;-122;-23
1419;FFF;2014J;655445;-120;
1420;FFF;2014J;655492;-105;12
1421;FFF;2014J;655569;-106;
1422;FFF;2014J;655627;-123;-61
1423;FFF;2014J;655629;-15;12
1424;FFF;2014J;655720;-10;44
1425;FFF;2014J;655747;-122;-46
1426;FFF;2014J;655796;-123;
1427;FFF;2014J;655852;-65;66
1428;FFF;2014J;655927;-9;
1429;FFF;2014J;655981;-58;
1430;FFF;2014J;656029;-28;30
1431;FFF;2014J;656065;-78;
1432;FFF;2014J;656086;-115;130
1433;FFF;2014J;656092;-112;
1434;FFF;2014J;656102;-106;12
1435;FFF;2014J;656107;-43;
1436;FFF;2014J;656131;-49;
1437;FFF;2014J;656145;-115;94
1438;FFF;2014J;656150;-15;-8
1439;FFF;2014J;656158;-43;
1440;FFF;2014J;656159;-52;
1441;FFF;2014J;656165;-23;
1442;FFF;2014J;656234;-30;
1443;FFF;2014J;656323;-102;
1444;FFF;2014J;656353;-98;
1445;FFF;2014J;656360;-115;12
1446;FFF;2014J;656414;-74;
1447;FFF;2014J;656436;-10;
1448;FFF;2014J;656441;-93;-2
1449;FFF;2014J;656510;-120;
1450;FFF;2014J;656512;-121;-80
1451;FFF;2014J;656519;-113;12
1452;FFF;2014J;656529;-87;
1453;FFF;2014J;656565;-70;12
1454;FFF;2014J;656579;-58;
1455;FFF;2014J;656599;-120;12
1456;FFF;2014J;656607;-73;
1457;FFF;2014J;656622;-51;
1458;FFF;2014J;656651;-115;
1459;FFF;2014J;656677;-28;37
1460;FFF;2014J;656693;-120;12
1461;FFF;2014J;656734;-108;
1462;FFF;2014J;656791;-79;
1463;FFF;2014J;656800;-113;12
1464;FFF;2014J;656882;-78;
1465;FFF;2014J;656988;-64;
1466;FFF;2014J;656996;-49;
1467;FFF;2014J;657048;-93;
1468;FFF;2014J;657118;-93;-2
1469;FFF;2014J;657181;-115;36
1470;FFF;2014J;657184;-60;48
1471;FFF;2014J;657211;-79;12
1472;FFF;2014J;657220;-30;
1473;FFF;2014J;657330;-60;
1474;FFF;2014J;657344;-114;
1475;FFF;2014J;674222;-22;
1476;FFF;2014J;674226;-15;
1477;FFF;2014J;674236;-23;
1478;FFF;2014J;674260;-105;
1479;FFF;2014J;674261;-67;-22
1480;FFF;2014J;674262;-46;
1481;FFF;2014J;674320;-109;
1482;FFF;2014J;674387;-43;
1483;FFF;2014J;674406;-114;
1484;FFF;2014J;674451;-85;
1485;FFF;2014J;674478;-114;
1486;FFF;2014J;674484;-77;
1487;FFF;2014J;674497;-25;
1488;FFF;2014J;674509;-95;
1489;FFF;2014J;674584;-108;
1490;FFF;2014J;674594;-114;
1491;FFF;2014J;674617;-58;12
1492;FFF;2014J;674644;-109;
1493;FFF;2014J;674657;-56;
1494;FFF;2014J;674671;-98;
1495;FFF;2014J;674691;-91;
1496;FFF;2014J;674694;-113;
1497;FFF;2014J;674699;-57;
1498;FFF;2014J;674751;-99;
1499;FFF;2014J;674764;-46;12
1500;FFF;2014J;674814;-95;-2
1501;FFF;2014J;674831;-112;
1502;FFF;2014J;674870;-107;
1503;FFF;2014J;674911;-109;-102
1504;FFF;2014J;674921;-21;
1505;FFF;2014J;674935;-112;
1506;FFF;2014J;674970;-107;-66
1507;FFF;2014J;675002;-109;-5
1508;FFF;2014J;675021;-85;
1509;FFF;2014J;675046;-109;-58
1510;FFF;2014J;675054;-109;
1511;FFF;2014J;675127;-71;2
1512;FFF;2014J;675193;-60;
1513;FFF;2014J;675225;-23;
1514;FFF;2014J;675233;-107;
1515;FFF;2014J;675261;-52;
1516;FFF;2014J;675273;-7;
1517;FFF;2014J;675279;-36;
1518;FFF;2014J;675315;-45;
1519;FFF;2014J;675328;-100;
1520;FFF;2014J;675337;-4;12
1521;FFF;2014J;675474;-107;
1522;FFF;2014J;675486;-64;65
1523;FFF;2014J;675514;-88;
1524;FFF;2014J;675566;-108;
1525;FFF;2014J;675577;-44;
1526;FFF;2014J;675613;-107;
1527;FFF;2014J;675636;-106;
1528;FFF;2014J;675669;-79;-38
1529;FFF;2014J;675710;-53;
1530;FFF;2014J;675818;-88;12
1531;FFF;2014J;675824;-35;12
1532;FFF;2014J;675829;-77;-36
1533;FFF;2014J;675843;-29;84
1534;FFF;2014J;675947;-106;37
1535;FFF;2014J;675989;-102;
1536;FFF;2014J;676007;-106;
1537;FFF;2014J;676040;-106;62
1538;FFF;2014J;676064;-63;
1539;FFF;2014J;676103;-22;
1540;FFF;2014J;676128;-67;12
1541;FFF;2014J;676139;-67;
1542;FFF;2014J;676190;-52;
1543;FFF;2014J;676194;-74;12
1544;FFF;2014J;676265;-78;
1545;FFF;2014J;676272;-53;
1546;FFF;2014J;676303;-105;
1547;FFF;2014J;676320;-92;-5
1548;FFF;2014J;676324;-98;12
1549;FFF;2014J;676378;-22;
1550;FFF;2014J;676444;-102;
1551;FFF;2014J;676458;-102;
1552;FFF;2014J;676459;-86;
1553;FFF;2014J;676478;-45;
1554;FFF;2014J;676492;-52;
1555;FFF;2014J;676600;-102;25
1556;FFF;2014J;676610;-13;
1557;FFF;2014J;676626;-45;
1558;FFF;2014J;676627;-23;87
1559;FFF;2014J;676866;-101;
1560;FFF;2014J;676882;-95;
1561;FFF;2014J;676930;-99;-82
1562;FFF;2014J;677027;-94;12
1563;FFF;2014J;677081;-51;12
1564;FFF;2014J;677085;-73;
1565;FFF;2014J;677111;-79;
1566;FFF;2014J;677138;-100;
1567;FFF;2014J;677155;-64;
1568;FFF;2014J;677167;-95;
1569;FFF;2014J;677206;-65;
1570;FFF;2014J;677221;-74;
1571;FFF;2014J;677235;-37;
1572;FFF;2014J;677327;-99;59
1573;FFF;2014J;677369;-98;-10
1574;FFF;2014J;677382;-99;
1575;FFF;2014J;677400;-15;
1576;FFF;2014J;677436;-67;
1577;FFF;2014J;677456;-91;
1578;FFF;2014J;677486;-50;233
1579;FFF;2014J;677546;-93;
1580;FFF;2014J;677582;-67;219
1581;FFF;2014J;677608;-95;54
1582;FFF;2014J;677643;-22;38
1583;FFF;2014J;677655;-66;
1584;FFF;2014J;677687;-10;
1585;FFF;2014J;677701;-86;44
1586;FFF;2014J;677748;-84;
1587;FFF;2014J;677767;-37;
1588;FFF;2014J;677782;-91;12
1589;FFF;2014J;677828;-73;12
1590;FFF;2014J;677833;-95;
1591;FFF;2014J;677867;-64;170
1592;FFF;2014J;677869;-95;
1593;FFF;2014J;678005;-95;33
1594;FFF;2014J;678044;-23;28
1595;FFF;2014J;678088;-94;
1596;FFF;2014J;678090;-94;12
1597;FFF;2014J;678127;-92;-68
1598;FFF;2014J;678203;-94;
1599;FFF;2014J;678235;-56;
1600;FFF;2014J;678270;-92;
1601;FFF;2014J;678287;-72;-37
1602;FFF;2014J;678346;-73;163
1603;FFF;2014J;678381;-87;
1604;FFF;2014J;678397;-15;10
1605;FFF;2014J;678407;-53;119
1606;FFF;2014J;678452;-93;
1607;FFF;2014J;678474;-30;
1608;FFF;2014J;678528;-28;
1609;FFF;2014J;678619;-23;118
1610;FFF;2014J;678628;-77;
1611;FFF;2014J;678639;-92;86
1612;FFF;2014J;678659;-79;
1613;FFF;2014J;678769;-91;12
1614;FFF;2014J;678819;-25;
1615;FFF;2014J;678831;-10;100
1616;FFF;2014J;678859;-63;
1617;FFF;2014J;678877;-59;99
1618;FFF;2014J;678946;-25;
1619;FFF;2014J;678954;-52;
1620;FFF;2014J;679019;-23;
1621;FFF;2014J;679036;-60;
1622;FFF;2014J;679111;-16;
1623;FFF;2014J;679119;-17;26
1624;FFF;2014J;679189;-38;
1625;FFF;2014J;679227;-32;
1626;FFF;2014J;679237;-17;
1627;FFF;2014J;679251;-67;
1628;FFF;2014J;679262;-37;
1629;FFF;2014J;679269;-87;44
1630;FFF;2014J;679278;-70;
1631;FFF;2014J;679337;-45;24
1632;FFF;2014J;679342;-71;
1633;FFF;2014J;679384;-32;
1634;FFF;2014J;679386;-23;
1635;FFF;2014J;679402;-87;
1636;FFF;2014J;679445;-71;
1637;FFF;2014J;679448;-79;
1638;FFF;2014J;679498;-79;
1639;FFF;2014J;679502;-22;44
1640;FFF;2014J;679509;-16;
1641;FFF;2014J;679594;-81;
1642;FFF;2014J;679676;-21;166
1643;FFF;2014J;679688;-46;45
1644;FFF;2014J;679749;-51;58
1645;FFF;2014J;679788;-59;
1646;FFF;2014J;679790;-46;
1647;FFF;2014J;679938;-18;60
1648;FFF;2014J;679939;-37;
1649;FFF;2014J;679949;-58;
1650;FFF;2014J;680014;-84;
1651;FFF;2014J;680018;-67;170
1652;FFF;2014J;680027;-23;
1653;FFF;2014J;680072;-22;-16
1654;FFF;2014J;680080;-85;
1655;FFF;2014J;680145;-79;
1656;FFF;2014J;680212;-25;
1657;FFF;2014J;680222;-81;12
1658;FFF;2014J;680231;-59;12
1659;FFF;2014J;680255;-73;
1660;FFF;2014J;680266;-72;
1661;FFF;2014J;680270;5;
1662;FFF;2014J;680273;-81;12
1663;FFF;2014J;680312;-34;6
1664;FFF;2014J;680322;-43;
1665;FFF;2014J;680343;-21;
1666;FFF;2014J;680348;-73;
1667;FFF;2014J;680349;-71;
1668;FFF;2014J;680374;-84;-22
1669;FFF;2014J;680410;-23;59
1670;FFF;2014J;680443;-38;
1671;FFF;2014J;680464;-43;
1672;FFF;2014J;680506;-25;
1673;FFF;2014J;680517;-49;52
1674;FFF;2014J;680572;-81;
1675;FFF;2014J;680708;-43;
1676;FFF;2014J;680713;-78;
1677;FFF;2014J;680714;-18;12
1678;FFF;2014J;680715;-81;-68
1679;FFF;2014J;680747;-67;
1680;FFF;2014J;680766;-79;12
1681;FFF;2014J;680775;-15;
1682;FFF;2014J;680810;-14;
1683;FFF;2014J;680855;-41;
1684;FFF;2014J;680872;-23;
1685;FFF;2014J;680912;-79;
1686;FFF;2014J;680938;-28;10
1687;FFF;2014J;680955;-79;
1688;FFF;2014J;680974;-37;
1689;FFF;2014J;681004;-79;
1690;FFF;2014J;681052;-74;-61
1691;FFF;2014J;681063;-79;-26
1692;FFF;2014J;681073;-79;12
1693;FFF;2014J;681120;-73;12
1694;FFF;2014J;681152;-67;102
1695;FFF;2014J;681235;-79;
1696;FFF;2014J;681277;-79;52
1697;FFF;2014J;681298;-23;
1698;FFF;2014J;681328;-71;
1699;FFF;2014J;681335;-70;12
1700;FFF;2014J;681341;-79;
1701;FFF;2014J;681352;-24;
1702;FFF;2014J;681354;-44;
1703;FFF;2014J;681393;-78;-10
1704;FFF;2014J;681397;-29;12
1705;FFF;2014J;681452;-46;
1706;FFF;2014J;681490;-59;
1707;FFF;2014J;681608;-36;
1708;FFF;2014J;681633;-24;
1709;FFF;2014J;681652;-67;
1710;FFF;2014J;681655;-58;
1711;FFF;2014J;681658;-38;
1712;FFF;2014J;681691;-50;12
1713;FFF;2014J;681735;-43;109
1714;FFF;2014J;681755;-32;
1715;FFF;2014J;681763;-77;
1716;FFF;2014J;681938;-23;
1717;FFF;2014J;681973;-24;
1718;FFF;2014J;682015;-57;40
1719;FFF;2014J;682019;-74;240
1720;FFF;2014J;682025;-74;12
1721;FFF;2014J;682050;-28;
1722;FFF;2014J;682070;-32;
1723;FFF;2014J;682098;-14;5
1724;FFF;2014J;682142;-70;-15
1725;FFF;2014J;682276;-46;144
1726;FFF;2014J;682298;-24;
1727;FFF;2014J;682358;-38;117
1728;FFF;2014J;682359;-73;-5
1729;FFF;2014J;682390;-66;
1730;FFF;2014J;682391;-71;
1731;FFF;2014J;682436;-28;
1732;FFF;2014J;682437;-38;
1733;FFF;2014J;682482;-67;12
1734;FFF;2014J;682504;-66;17
1735;FFF;2014J;682505;-72;-5
1736;FFF;2014J;682511;-66;
1737;FFF;2014J;682524;-71;-3
1738;FFF;2014J;682539;-38;
1739;FFF;2014J;682546;-18;12
1740;FFF;2014J;682565;-20;12
1741;FFF;2014J;682569;-71;
1742;FFF;2014J;682578;-18;
1743;FFF;2014J;682588;-72;
1744;FFF;2014J;682596;-43;-12
1745;FFF;2014J;682613;-37;
1746;FFF;2014J;682617;-73;-5
1747;FFF;2014J;682632;-51;
1748;FFF;2014J;682671;-37;51
1749;FFF;2014J;682695;-72;
1750;FFF;2014J;682719;-71;12
1751;FFF;2014J;682753;-38;
1752;FFF;2014J;682839;-38;
1753;FFF;2014J;682863;-71;114
1754;FFF;2014J;682894;-31;229
1755;FFF;2014J;682946;-32;87
1756;FFF;2014J;682963;-41;
1757;FFF;2014J;682981;-72;
1758;FFF;2014J;682982;-70;51
1759;FFF;2014J;682983;-53;
1760;FFF;2014J;682985;-42;
1761;FFF;2014J;682990;-30;
1762;FFF;2014J;683033;-58;
1763;FFF;2014J;683094;-21;
1764;FFF;2014J;683144;-71;12
1765;FFF;2014J;683177;-36;110
1766;FFF;2014J;683178;-36;
1767;FFF;2014J;683243;-64;
1768;FFF;2014J;683273;-38;
1769;FFF;2014J;683305;-14;
1770;FFF;2014J;683323;-59;
1771;FFF;2014J;683346;-60;
1772;FFF;2014J;683347;-28;17
1773;FFF;2014J;683352;-35;
1774;FFF;2014J;683353;-32;
1775;FFF;2014J;683360;-50;12
1776;FFF;2014J;683375;-60;
1777;FFF;2014J;683403;-70;
1778;FFF;2014J;683427;-21;12
1779;FFF;2014J;683446;-63;
1780;FFF;2014J;683467;-65;
1781;FFF;2014J;683508;-67;
1782;FFF;2014J;683530;-38;
1783;FFF;2014J;683547;-67;-15
1784;FFF;2014J;683550;-67;
1785;FFF;2014J;683555;-66;94
1786;FFF;2014J;683576;-36;142
1787;FFF;2014J;683604;-23;
1788;FFF;2014J;683624;-24;
1789;FFF;2014J;683628;-53;12
1790;FFF;2014J;683642;-66;12
1791;FFF;2014J;683699;-36;67
1792;FFF;2014J;683745;-64;
1793;FFF;2014J;683764;-45;
1794;FFF;2014J;683772;-66;12
1795;FFF;2014J;683820;-36;
1796;FFF;2014J;683832;-37;100
1797;FFF;2014J;683902;-66;
1798;FFF;2014J;683912;-65;-19
1799;FFF;2014J;683934;-45;
1800;FFF;2014J;684013;-37;
1801;FFF;2014J;684014;-66;-63
1802;FFF;2014J;684040;-66;59
1803;FFF;2014J;684075;-37;
1804;FFF;2014J;684183;-21;
1805;FFF;2014J;684311;-34;
1806;FFF;2014J;684313;-65;12
1807;FFF;2014J;684383;-23;
1808;FFF;2014J;684386;-64;
1809;FFF;2014J;684526;-64;192
1810;FFF;2014J;684572;-22;60
1811;FFF;2014J;684579;-32;58
1812;FFF;2014J;684592;-60;
1813;FFF;2014J;684594;-58;151
1814;FFF;2014J;684671;-59;
1815;FFF;2014J;684675;-63;
1816;FFF;2014J;684676;-52;
1817;FFF;2014J;684726;-63;6
1818;FFF;2014J;684882;-53;
1819;FFF;2014J;684981;-60;216
1820;FFF;2014J;684983;-60;-23
1821;FFF;2014J;685004;-60;
1822;FFF;2014J;685042;-17;12
1823;FFF;2014J;685100;-14;12
1824;FFF;2014J;685105;-60;
1825;FFF;2014J;685128;-28;
1826;FFF;2014J;685140;2;
1827;FFF;2014J;685155;-17;
1828;FFF;2014J;685192;-59;12
1829;FFF;2014J;685212;-49;
1830;FFF;2014J;685276;-22;
1831;FFF;2014J;685283;-46;
1832;FFF;2014J;685330;-23;165
1833;FFF;2014J;685333;-59;-23
1834;FFF;2014J;685339;-59;
1835;FFF;2014J;685367;-25;
1836;FFF;2014J;685373;-59;
1837;FFF;2014J;685378;-59;
1838;FFF;2014J;685410;-57;
1839;FFF;2014J;685439;-45;-15
1840;FFF;2014J;685512;-51;12
1841;FFF;2014J;685565;-59;-19
1842;FFF;2014J;685619;-32;
1843;FFF;2014J;685657;-46;81
1844;FFF;2014J;685663;-58;39
1845;FFF;2014J;685683;-28;-11
1846;FFF;2014J;685705;-57;
1847;FFF;2014J;685708;-32;
1848;FFF;2014J;685772;-46;
1849;FFF;2014J;685802;-38;12
1850;FFF;2014J;685807;-46;-15
1851;FFF;2014J;685831;-29;
1852;FFF;2014J;685860;-57;70
1853;FFF;2014J;685920;-30;-17
1854;FFF;2014J;685928;-15;
1855;FFF;2014J;685952;-53;
1856;FFF;2014J;685998;-57;52
1857;FFF;2014J;686065;-42;
1858;FFF;2014J;686100;-57;12
1859;FFF;2014J;686164;-37;
1860;FFF;2014J;686314;-56;
1861;FFF;2014J;686317;-51;
1862;FFF;2014J;686344;-30;
1863;FFF;2014J;686348;-43;
1864;FFF;2014J;686358;-23;131
1865;FFF;2014J;686390;-53;17
1866;FFF;2014J;686448;-56;12
1867;FFF;2014J;686458;-53;12
1868;FFF;2014J;686498;-18;
1869;FFF;2014J;686522;-36;
1870;FFF;2014J;686558;-50;
1871;FFF;2014J;686700;-53;
1872;FFF;2014J;686705;-53;
1873;FFF;2014J;686760;-49;12
1874;FFF;2014J;686786;-8;
1875;FFF;2014J;686799;-46;12
1876;FFF;2014J;686852;-53;-4
1877;FFF;2014J;686869;-17;-5
1878;FFF;2014J;686946;-23;
1879;FFF;2014J;687007;-53;
1880;FFF;2014J;687033;-46;
1881;FFF;2014J;687073;-50;139
1882;FFF;2014J;687112;-28;
1883;FFF;2014J;687115;-23;
1884;FFF;2014J;687288;-44;122
1885;FFF;2014J;687304;-25;
1886;FFF;2014J;687319;-50;12
1887;FFF;2014J;687331;-30;
1888;FFF;2014J;687341;-50;138
1889;FFF;2014J;687345;-41;
1890;FFF;2014J;687351;-25;
1891;FFF;2014J;687410;-43;
1892;FFF;2014J;687434;-49;
1893;FFF;2014J;687448;-43;-23
1894;FFF;2014J;687468;-50;
1895;FFF;2014J;687485;-51;
1896;FFF;2014J;687503;-46;
1897;FFF;2014J;687510;-51;12
1898;FFF;2014J;687511;-25;104
1899;FFF;2014J;687525;-10;
1900;FFF;2014J;687686;-46;
1901;FFF;2014J;687747;-37;13
1902;FFF;2014J;687752;-50;12
1903;FFF;2014J;687795;-50;-18
1904;FFF;2014J;687828;-9;
1905;FFF;2014J;687846;-46;
1906;FFF;2014J;687910;-31;
1907;FFF;2014J;687930;-42;
1908;FFF;2014J;687931;-49;
1909;FFF;2014J;687988;-15;
1910;FFF;2014J;688005;-38;-17
1911;FFF;2014J;688008;-32;
1912;FFF;2014J;688071;-37;
1913;FFF;2014J;688097;-23;76
1914;FFF;2014J;688127;-49;
1915;FFF;2014J;688136;-46;
1916;FFF;2014J;688159;-36;137
1917;FFF;2014J;688187;-23;-2
1918;FFF;2014J;688192;-17;
1919;FFF;2014J;688203;-31;171
1920;FFF;2014J;688225;-38;
1921;FFF;2014J;688250;-23;
1922;FFF;2014J;688251;-36;-11
1923;FFF;2014J;688265;-15;
1924;FFF;2014J;688297;-46;-17
1925;FFF;2014J;688326;-23;80
1926;FFF;2014J;688337;-35;
1927;FFF;2014J;688442;-25;0
1928;FFF;2014J;688453;-44;
1929;FFF;2014J;688470;-31;
1930;FFF;2014J;688475;-37;12
1931;FFF;2014J;688509;-43;12
1932;FFF;2014J;688532;-46;12
1933;FFF;2014J;688543;-46;
1934;FFF;2014J;688664;-46;6
1935;FFF;2014J;688667;-31;
1936;FFF;2014J;688685;-23;
1937;FFF;2014J;688727;-46;
1938;FFF;2014J;688752;-38;12
1939;FFF;2014J;688881;-44;12
1940;FFF;2014J;688891;-46;
1941;FFF;2014J;688895;-45;
1942;FFF;2014J;688904;-46;138
1943;FFF;2014J;688937;-45;12
1944;FFF;2014J;688964;-45;-1
1945;FFF;2014J;688976;-16;
1946;FFF;2014J;689005;-32;
1947;FFF;2014J;689042;-42;12
1948;FFF;2014J;689051;-38;12
1949;FFF;2014J;689052;-41;
1950;FFF;2014J;689056;-23;
1951;FFF;2014J;689225;-29;157
1952;FFF;2014J;689260;-31;
1953;FFF;2014J;689280;-38;
1954;FFF;2014J;689290;-15;12
1955;FFF;2014J;689347;-37;
1956;FFF;2014J;689352;-44;12
1957;FFF;2014J;689444;-23;
1958;FFF;2014J;689498;-44;12
1959;FFF;2014J;689533;-44;-36
1960;FFF;2014J;689582;-42;12
1961;FFF;2014J;689585;-44;10
1962;FFF;2014J;689626;-30;
1963;FFF;2014J;689640;-43;12
1964;FFF;2014J;689747;-37;12
1965;FFF;2014J;689751;-34;12
1966;FFF;2014J;689761;-31;10
1967;FFF;2014J;689796;-10;
1968;FFF;2014J;689827;-41;121
1969;FFF;2014J;689832;-32;
1970;FFF;2014J;689855;-25;
1971;FFF;2014J;689924;-38;
1972;FFF;2014J;689977;-38;12
1973;FFF;2014J;690075;-31;
1974;FFF;2014J;690137;-42;
1975;FFF;2014J;690174;-31;12
1976;FFF;2014J;690198;-42;
1977;FFF;2014J;690296;-41;12
1978;FFF;2014J;690382;-29;
1979;FFF;2014J;690559;-38;-30
1980;FFF;2014J;690585;-28;
1981;FFF;2014J;690628;-23;
1982;FFF;2014J;690631;-38;6
1983;FFF;2014J;690635;-38;
1984;FFF;2014J;690656;-23;5
1985;FFF;2014J;690687;-7;-1
1986;FFF;2014J;690746;-22;
1987;FFF;2014J;690832;-25;
1988;FFF;2014J;690872;-38;
1989;FFF;2014J;690962;-25;116
1990;FFF;2014J;691056;-22;3
1991;FFF;2014J;691177;-37;
1992;FFF;2014J;691253;-23;12
1993;FFF;2014J;691269;-37;
1994;FFF;2014J;691280;-36;
1995;FFF;2014J;691288;-22;
1996;FFF;2014J;691326;-29;
1997;FFF;2014J;691375;-22;
1998;FFF;2014J;691465;-17;
1999;FFF;2014J;691563;-37;-5
2000;FFF;2014J;691699;-7;
2001;FFF;2014J;691722;-28;
2002;FFF;2014J;691805;-36;47
2003;FFF;2014J;691873;-36;
2004;FFF;2014J;691932;-34;
2005;FFF;2014J;692010;-35;
2006;FFF;2014J;692097;-34;
2007;FFF;2014J;692189;-30;12
2008;FFF;2014J;692219;-34;12
2009;FFF;2014J;692220;-14;
2010;FFF;2014J;692273;-29;12
2011;FFF;2014J;692297;-34;
2012;FFF;2014J;692301;-14;
2013;FFF;2014J;692334;-32;
2014;FFF;2014J;692454;-34;
2015;FFF;2014J;692612;-30;
2016;FFF;2014J;692632;-32;
2017;FFF;2014J;692740;-23;-19
2018;FFF;2014J;692893;-31;
2019;FFF;2014J;692898;-32;12
2020;FFF;2014J;692946;-32;
2021;FFF;2014J;692962;-31;
2022;FFF;2014J;692968;-23;
2023;FFF;2014J;692976;-29;6
2024;FFF;2014J;693114;-23;10
2025;FFF;2014J;693160;-28;
2026;FFF;2014J;693162;-18;
2027;FFF;2014J;693197;-25;
2028;FFF;2014J;693223;-25;-10
2029;FFF;2014J;693236;-23;
2030;FFF;2014J;693246;-25;12
2031;FFF;2014J;693345;-16;
2032;FFF;2014J;693373;-23;
2033;FFF;2014J;693448;-30;12
2034;FFF;2014J;693497;-16;
2035;FFF;2014J;693519;-23;
2036;FFF;2014J;693573;-30;12
2037;FFF;2014J;693628;-28;
2038;FFF;2014J;693629;-29;
2039;FFF;2014J;693764;-28;
2040;FFF;2014J;693806;-13;
2041;FFF;2014J;693812;-29;12
2042;FFF;2014J;693873;-15;
2043;FFF;2014J;693903;-29;
2044;FFF;2014J;693906;-23;101
2045;FFF;2014J;693907;-23;
2046;FFF;2014J;694059;-22;
2047;FFF;2014J;694128;-22;
2048;FFF;2014J;694144;-28;
2049;FFF;2014J;694221;-28;
2050;FFF;2014J;694272;-28;12
2051;FFF;2014J;694284;-25;166
2052;FFF;2014J;694376;-28;
2053;FFF;2014J;694415;-25;12
2054;FFF;2014J;694428;-25;
2055;FFF;2014J;694456;-25;
2056;FFF;2014J;694464;-25;3
2057;FFF;2014J;694536;-25;12
2058;FFF;2014J;694622;-25;
2059;FFF;2014J;694669;-25;23
2060;FFF;2014J;694715;-25;
2061;FFF;2014J;694716;-23;
2062;FFF;2014J;694827;-9;
2063;FFF;2014J;694836;-14;
2064;FFF;2014J;694848;-15;
2065;FFF;2014J;695090;-23;
2066;FFF;2014J;695169;-14;
2067;FFF;2014J;695220;-7;79
2068;FFF;2014J;695250;-23;100
2069;FFF;2014J;695251;-15;103
2070;FFF;2014J;695369;-21;158
2071;FFF;2014J;695380;-23;12
2072;FFF;2014J;695416;-23;12
2073;FFF;2014J;695449;-20;-18
2074;FFF;2014J;695471;-20;
2075;FFF;2014J;695485;-15;
2076;FFF;2014J;695550;-15;
2077;FFF;2014J;695574;-16;12
2078;FFF;2014J;695637;-22;
2079;FFF;2014J;695676;-23;50
2080;FFF;2014J;695700;-9;
2081;FFF;2014J;695729;-20;
2082;FFF;2014J;695748;-23;12
2083;FFF;2014J;695764;-23;-1
2084;FFF;2014J;695803;-22;
2085;FFF;2014J;695825;-22;159
2086;FFF;2014J;695869;-15;
2087;FFF;2014J;695879;-22;12
2088;FFF;2014J;695926;-18;
2089;FFF;2014J;695964;-23;12
2090;FFF;2014J;696039;-9;
2091;FFF;2014J;696043;-17;
2092;FFF;2014J;696071;-23;66
2093;FFF;2014J;696082;-22;
2094;FFF;2014J;696091;-22;12
2095;FFF;2014J;696188;-13;
2096;FFF;2014J;696253;-23;-3
2097;FFF;2014J;696275;-23;
2098;FFF;2014J;696276;-23;-1
2099;FFF;2014J;696318;-21;
2100;FFF;2014J;696329;-23;
2101;FFF;2014J;696347;-21;
2102;FFF;2014J;696364;-21;
2103;FFF;2014J;696410;-16;12
2104;FFF;2014J;696456;-22;
2105;FFF;2014J;696583;-22;
2106;FFF;2014J;696615;-21;
2107;FFF;2014J;696653;-22;
2108;FFF;2014J;696659;-15;
2109;FFF;2014J;696662;-22;
2110;FFF;2014J;696664;-14;-4
2111;FFF;2014J;696666;-22;
2112;FFF;2014J;696671;-22;
2113;FFF;2014J;696672;-22;
2114;FFF;2014J;696674;-22;
2115;FFF;2014J;696678;-21;
2116;FFF;2014J;696729;-17;
2117;FFF;2014J;696943;-14;6
2118;FFF;2014J;696981;-20;-5
2119;FFF;2014J;696985;-14;9
2120;FFF;2014J;697027;-20;
2121;FFF;2014J;697042;-1;69
2122;FFF;2014J;697114;-18;
2123;FFF;2014J;697160;-18;
2124;FFF;2014J;697192;-16;12
2125;FFF;2014J;697204;-14;-2
2126;FFF;2014J;697215;-18;59
2127;FFF;2014J;697255;-16;
2128;FFF;2014J;697257;-17;-10
2129;FFF;2014J;697299;-15;12
2130;FFF;2014J;697438;-9;199
2131;FFF;2014J;697478;-16;
2132;FFF;2014J;697529;-16;12
2133;FFF;2014J;697554;-17;-4
2134;FFF;2014J;697581;-17;-8
2135;FFF;2014J;697665;-16;54
2136;FFF;2014J;697878;-15;
2137;FFF;2014J;697998;-14;
2138;FFF;2014J;698015;-16;
2139;FFF;2014J;698020;-15;52
2140;FFF;2014J;698112;-15;12
2141;FFF;2014J;698157;-15;
2142;FFF;2014J;698193;-15;
2143;FFF;2014J;698233;-15;12
2144;FFF;2014J;698237;-14;-12
2145;FFF;2014J;698278;-14;11
2146;FFF;2014J;698384;-10;
2147;FFF;2014J;698407;-14;
2148;FFF;2014J;698485;-14;
2149;FFF;2014J;698656;-14;
2150;FFF;2014J;698762;-13;74
2151;FFF;2014J;699126;-10;
2152;FFF;2014J;699127;-10;
2153;FFF;2014J;699128;-10;
2154;FFF;2014J;836614;-22;
2155;FFF;2014J;884652;-81;105
2156;FFF;2014J;895524;-44;
2157;FFF;2014J;900936;-42;31
2158;FFF;2014J;1021350;-128;
2159;FFF;2014J;1042726;-79;
2160;FFF;2014J;1318759;-23;
2161;FFF;2014J;1348205;-51;
2162;FFF;2014J;1391717;-36;
2163;FFF;2014J;1409532;-135;
2164;FFF;2014J;1413902;-49;
2165;FFF;2014J;1424608;-41;53
2166;FFF;2014J;1448966;-21;
2167;FFF;2014J;1449171;-28;131
2168;FFF;2014J;1450604;-155;
2169;FFF;2014J;1459010;-122;-101
2170;FFF;2014J;1473878;-29;
2171;FFF;2014J;1477284;-95;123
2172;FFF;2014J;1501577;-79;
2173;FFF;2014J;1514245;-50;51
2174;FFF;2014J;1532711;-95;134
2175;FFF;2014J;1537796;-120;17
2176;FFF;2014J;1585671;-21;
2177;FFF;2014J;1588621;-32;148
2178;FFF;2014J;1603549;-15;
2179;FFF;2014J;1629444;-38;-29
2180;FFF;2014J;1631797;-101;
2181;FFF;2014J;1639699;-109;
2182;FFF;2014J;1640680;-93;
2183;FFF;2014J;1658963;-122;
2184;FFF;2014J;1677677;-28;
2185;FFF;2014J;1683192;-156;81
2186;FFF;2014J;1722493;-45;
2187;FFF;2014J;1733664;-155;
2188;FFF;2014J;1745145;-114;68
2189;FFF;2014J;1752994;-73;
2190;FFF;2014J;1755594;-144;
2191;FFF;2014J;1765045;-93;47
2192;FFF;2014J;1766102;-72;
2193;FFF;2014J;1771775;-16;
2194;FFF;2014J;1796402;-29;
2195;FFF;2014J;1810759;-84;
2196;FFF;2014J;1816458;-148;
2197;FFF;2014J;1817710;-43;
2198;FFF;2014J;1818385;-16;
2199;FFF;2014J;1836241;-22;
2200;FFF;2014J;1837138;-147;
2201;FFF;2014J;1856869;-149;
2202;FFF;2014J;1866233;-45;
2203;FFF;2014J;1871598;-106;
2204;FFF;2014J;1871684;-50;
2205;FFF;2014J;1873360;-29;-3
2206;FFF;2014J;1877902;-150;
2207;FFF;2014J;1879321;-25;
2208;FFF;2014J;1881231;-22;
2209;FFF;2014J;1887108;-87;
2210;FFF;2014J;1889752;-59;
2211;FFF;2014J;1895399;-49;-33
2212;FFF;2014J;1929219;-155;-38
2213;FFF;2014J;1944167;-58;
2214;FFF;2014J;1948159;-63;
2215;FFF;2014J;1961652;-100;
2216;FFF;2014J;1962049;-67;
2217;FFF;2014J;1962062;-21;
2218;FFF;2014J;1972092;-126;
2219;FFF;2014J;1972368;-42;-32
2220;FFF;2014J;1995177;-53;
2221;FFF;2014J;1998834;-78;
2222;FFF;2014J;2017487;-17;
2223;FFF;2014J;2020628;-64;
2224;FFF;2014J;2026075;-114;158
2225;FFF;2014J;2028523;-31;164
2226;FFF;2014J;2029571;-28;170
2227;FFF;2014J;2035700;-65;
2228;FFF;2014J;2036893;-120;86
2229;FFF;2014J;2047575;-98;
2230;FFF;2014J;2065972;-18;
2231;FFF;2014J;2067799;-29;
2232;FFF;2014J;2071670;-128;-94
2233;FFF;2014J;2081123;-17;
2234;FFF;2014J;2088982;-16;166
2235;FFF;2014J;2096251;-22;
2236;FFF;2014J;2103552;-17;216
2237;FFF;2014J;2104819;-25;80
2238;FFF;2014J;2106955;-28;
2239;FFF;2014J;2107747;-25;104
2240;FFF;2014J;2113446;-150;-17
2241;FFF;2014J;2128283;-38;
2242;FFF;2014J;2137697;-77;-11
2243;FFF;2014J;2138970;-32;
2244;FFF;2014J;2140300;-66;
2245;FFF;2014J;2143312;-35;
2246;FFF;2014J;2143440;-135;
2247;FFF;2014J;2146013;-133;-130
2248;FFF;2014J;2154361;-87;
2249;FFF;2014J;2160316;-147;
2250;FFF;2014J;2161710;-51;
2251;FFF;2014J;2178837;-32;
2252;FFF;2014J;2180090;-22;
2253;FFF;2014J;2182293;-99;
2254;FFF;2014J;2185729;-4;
2255;FFF;2014J;2195853;-67;
2256;FFF;2014J;2197766;-115;
2257;FFF;2014J;2198970;-135;31
2258;FFF;2014J;2223401;-16;107
2259;FFF;2014J;2254637;-28;
2260;FFF;2014J;2256134;-43;80
2261;FFF;2014J;2268069;-21;-5
2262;FFF;2014J;2272023;-155;135
2263;FFF;2014J;2274542;-50;
2264;FFF;2014J;2278101;-38;
2265;FFF;2014J;2282620;-22;
2266;FFF;2014J;2283708;-136;62
2267;FFF;2014J;2293511;-51;
2268;FFF;2014J;2298106;-45;
2269;FFF;2014J;2298895;-148;
2270;FFF;2014J;2301830;-84;
2271;FFF;2014J;2306410;-147;
2272;FFF;2014J;2316717;-64;123
2273;FFF;2014J;2332934;-58;
2274;FFF;2014J;2339267;-63;
2275;FFF;2014J;2341420;-101;
2276;FFF;2014J;2342045;-38;44
2277;FFF;2014J;2343785;-102;
2278;FFF;2014J;2351969;-106;
2279;FFF;2014J;2360559;-17;
2280;FFF;2014J;2366656;-67;
2281;FFF;2014J;2371481;;-53
2282;FFF;2014J;2378208;-9;
2283;FFF;2014J;2386732;-28;
2284;FFF;2014J;2395016;-150;44
2285;FFF;2014J;2398260;-38;
2286;FFF;2014J;2399758;-23;
2287;FFF;2014J;2403701;-101;
2288;FFF;2014J;2411981;-150;-103
2289;FFF;2014J;2417433;-119;
2290;FFF;2014J;2417975;-28;
2291;FFF;2014J;2424257;-88;
2292;FFF;2014J;2427845;-46;
2293;FFF;2014J;2438784;-100;
2294;FFF;2014J;2449490;-112;65
2295;FFF;2014J;2457440;-22;
2296;FFF;2014J;2459292;-29;
2297;FFF;2014J;2462281;-155;-1
2298;FFF;2014J;2463282;-78;-1
2299;FFF;2014J;2468232;-51;-38
2300;FFF;2014J;2470326;-16;
2301;FFF;2014J;2480886;-58;
2302;FFF;2014J;2482710;-66;
2303;FFF;2014J;2486215;-142;-65
2304;FFF;2014J;2486930;-32;
2305;FFF;2014J;2497090;-129;12
2306;FFF;2014J;2499307;-23;
2307;FFF;2014J;2504129;-148;
2308;FFF;2014J;2505058;-53;
2309;FFF;2014J;2509531;-77;-30
2310;FFF;2014J;2519138;-122;
2311;FFF;2014J;2521574;-88;-80
2312;FFF;2014J;2529052;-3;
2313;FFF;2014J;2529419;-129;
2314;FFF;2014J;2530976;-123;
2315;FFF;2014J;2535160;-88;
2316;FFF;2014J;2537777;-84;
2317;FFF;2014J;2540871;-150;
2318;FFF;2014J;2542209;-155;
2319;FFF;2014J;2544643;-34;
2320;FFF;2014J;2544766;-23;
2321;FFF;2014J;2546315;-123;
2322;FFF;2014J;2550534;-25;135
2323;FFF;2014J;2557008;-18;
2324;FFF;2014J;2558365;-45;
2325;FFF;2014J;2559144;-52;
2326;FFF;2014J;2563095;-51;
2327;FFF;2014J;2579891;-67;
2328;FFF;2014J;2584244;-53;
2329;FFF;2014J;2586748;-99;12
2330;FFF;2014J;2597117;-16;
2331;FFF;2014J;2599162;-85;12
2332;FFF;2014J;2599883;-72;
2333;FFF;2014J;2602253;-28;-10
2334;FFF;2014J;2602542;-44;
2335;FFF;2014J;2603027;-15;
2336;FFF;2014J;2612102;-18;
2337;FFF;2014J;2612728;-28;12
2338;FFF;2014J;2613827;-23;-4
2339;FFF;2014J;2622634;-29;
2340;FFF;2014J;2624028;-79;
2341;FFF;2014J;2626417;-9;12
2342;FFF;2014J;2630284;-13;142
2343;FFF;2014J;2641156;-144;
2344;FFF;2014J;2642532;-23;
2345;FFF;2014J;2643472;-10;
2346;FFF;2014J;2643829;-10;
2347;FFF;2014J;2649121;-25;4
2348;FFF;2014J;2649948;-102;
2349;FFF;2014J;2652532;-7;10
2350;FFF;2014J;2657913;-67;
2351;FFF;2014J;2658856;-17;
2352;FFF;2014J;2661012;-16;-10
2353;FFF;2014J;2667478;-32;
2354;FFF;2014J;2678580;-37;157
2355;FFF;2014J;2681198;-87;
2356;FFF;2014J;2682682;-16;
2357;FFF;2014J;2682745;-50;51
2358;FFF;2014J;2683857;-105;
2359;FFF;2014J;2684048;-16;12
2360;FFF;2014J;2686035;-30;236
2361;FFF;2014J;2687012;-78;-12
2362;FFF;2014J;2693932;-72;
2363;FFF;2014J;2694139;-81;137
2364;FFF;2014J;2697921;-32;
2365;FFF;2014J;2702660;;9
