;Unnamed: 0;1;2;3;4;5;6;7;8;9;10;11;12;13;14;15;16;17;18;19;20;21;22;23;24;25;26;27;28;29
0;0;Dropout;Dropout;Dropout;Dropout;Dropout;Dropout;Dropout;Dropout;Dropout;Dropout;Dropout;Dropout;Dropout;Dropout;Dropout;Dropout;Dropout;Dropout;Dropout;Dropout;Dropout;Dropout;Dropout;Dropout;Dropout;Dropout;Dropout;Dropout;Dropout
1;1;Dropout;Dropout;Dropout;Dropout;Dropout;Dropout;Dropout;Dropout;Dropout;Dropout;Dropout;Dropout;Dropout;Dropout;Dropout;Dropout;Dropout;Dropout;Dropout;Dropout;Dropout;Dropout;Dropout;Dropout;Dropout;Dropout;Dropout;Dropout;Dropout
2;2;Pass;Pass;Pass;Pass;Pass;Pass;Pass;Pass;Pass;Pass;Pass;Pass;Pass;Pass;Pass;Pass;Pass;Pass;Pass;Pass;Pass;Pass;Pass;Pass;Pass;Pass;Pass;Pass;Pass
3;3;Pass;Pass;Pass;Pass;Pass;Pass;Pass;Pass;Pass;Pass;Pass;Pass;Pass;Pass;Pass;Pass;Pass;Pass;Pass;Pass;Pass;Pass;Pass;Pass;Pass;Pass;Pass;Pass;Pass
4;4;Dropout;Dropout;Dropout;Dropout;Dropout;Dropout;Dropout;Dropout;Dropout;Dropout;Dropout;Dropout;Dropout;Dropout;Dropout;Dropout;Dropout;Dropout;Dropout;Dropout;Dropout;Dropout;Dropout;Dropout;Dropout;Dropout;Dropout;Dropout;Dropout
5;5;Dropout;Dropout;Dropout;Dropout;Dropout;Dropout;Dropout;Dropout;Dropout;Dropout;Dropout;Dropout;Dropout;Dropout;Pass;Pass;Pass;Pass;Pass;Pass;Pass;Pass;Pass;Pass;Pass;Pass;Pass;Pass;Pass
6;6;Dropout;Dropout;Dropout;Dropout;Dropout;Dropout;Dropout;Dropout;Dropout;Dropout;Dropout;Dropout;Dropout;Dropout;Dropout;Dropout;Dropout;Dropout;Dropout;Dropout;Dropout;Dropout;Dropout;Dropout;Dropout;Dropout;Dropout;Dropout;Dropout
7;7;Pass;Pass;Pass;Pass;Pass;Pass;Pass;Pass;Pass;Pass;Pass;Pass;Pass;Pass;Pass;Pass;Pass;Pass;Pass;Pass;Pass;Pass;Pass;Pass;Pass;Pass;Pass;Pass;Pass
8;8;Pass;Pass;Pass;Pass;Pass;Pass;Pass;Pass;Pass;Pass;Pass;Pass;Pass;Pass;Pass;Pass;Pass;Pass;Pass;Pass;Pass;Pass;Pass;Pass;Pass;Pass;Pass;Pass;Pass
9;9;Dropout;Dropout;Dropout;Dropout;Dropout;Dropout;Dropout;Dropout;Dropout;Dropout;Dropout;Dropout;Dropout;Dropout;Dropout;Dropout;Dropout;Dropout;Dropout;Dropout;Dropout;Dropout;Dropout;Dropout;Dropout;Dropout;Dropout;Dropout;Dropout
10;10;Pass;Pass;Pass;Pass;Pass;Pass;Pass;Pass;Pass;Pass;Pass;Pass;Pass;Pass;Pass;Pass;Pass;Pass;Pass;Pass;Pass;Pass;Pass;Pass;Pass;Pass;Pass;Pass;Pass
11;11;Dropout;Dropout;Dropout;Dropout;Dropout;Dropout;Dropout;Dropout;Dropout;Dropout;Dropout;Dropout;Pass;Pass;Pass;Pass;Pass;Pass;Pass;Pass;Pass;Pass;Pass;Pass;Pass;Pass;Pass;Pass;Pass
12;12;Pass;Pass;Pass;Pass;Pass;Pass;Pass;Pass;Pass;Pass;Pass;Pass;Pass;Pass;Pass;Pass;Pass;Pass;Pass;Pass;Pass;Pass;Pass;Pass;Pass;Pass;Pass;Pass;Pass
13;13;Dropout;Dropout;Dropout;Dropout;Dropout;Dropout;Dropout;Dropout;Dropout;Dropout;Dropout;Dropout;Dropout;Dropout;Dropout;Dropout;Dropout;Dropout;Dropout;Dropout;Dropout;Dropout;Dropout;Dropout;Dropout;Dropout;Dropout;Dropout;Dropout
14;14;Pass;Pass;Pass;Pass;Pass;Pass;Pass;Pass;Pass;Pass;Pass;Pass;Pass;Pass;Pass;Pass;Pass;Pass;Pass;Pass;Pass;Pass;Pass;Pass;Pass;Pass;Pass;Pass;Pass
15;15;Pass;Pass;Pass;Pass;Pass;Pass;Pass;Pass;Pass;Pass;Pass;Pass;Pass;Pass;Pass;Pass;Pass;Pass;Pass;Dropout;Pass;Pass;Pass;Dropout;Pass;Pass;Dropout;Dropout;Dropout
16;16;Dropout;Dropout;Dropout;Dropout;Dropout;Dropout;Dropout;Dropout;Dropout;Dropout;Dropout;Dropout;Dropout;Dropout;Dropout;Dropout;Dropout;Dropout;Dropout;Dropout;Dropout;Dropout;Dropout;Dropout;Dropout;Dropout;Dropout;Dropout;Dropout
17;17;Dropout;Dropout;Dropout;Dropout;Dropout;Dropout;Dropout;Dropout;Dropout;Dropout;Dropout;Dropout;Pass;Pass;Pass;Pass;Pass;Pass;Pass;Pass;Pass;Pass;Pass;Pass;Pass;Pass;Pass;Pass;Pass
18;18;Dropout;Dropout;Dropout;Dropout;Dropout;Dropout;Dropout;Dropout;Dropout;Dropout;Dropout;Dropout;Dropout;Dropout;Dropout;Dropout;Dropout;Dropout;Dropout;Dropout;Dropout;Dropout;Dropout;Dropout;Dropout;Dropout;Dropout;Dropout;Dropout
19;19;Pass;Pass;Pass;Pass;Pass;Pass;Pass;Pass;Pass;Pass;Pass;Pass;Pass;Pass;Pass;Pass;Pass;Pass;Pass;Pass;Pass;Pass;Pass;Pass;Pass;Pass;Pass;Pass;Pass
20;20;Dropout;Dropout;Dropout;Dropout;Dropout;Dropout;Dropout;Dropout;Dropout;Dropout;Dropout;Dropout;Dropout;Dropout;Dropout;Dropout;Dropout;Dropout;Dropout;Dropout;Dropout;Dropout;Dropout;Dropout;Dropout;Dropout;Dropout;Dropout;Dropout
21;21;Pass;Pass;Pass;Pass;Pass;Pass;Pass;Pass;Pass;Pass;Pass;Pass;Pass;Pass;Pass;Pass;Pass;Pass;Pass;Pass;Pass;Pass;Pass;Pass;Pass;Pass;Pass;Pass;Pass
22;22;Dropout;Dropout;Dropout;Dropout;Dropout;Dropout;Dropout;Dropout;Dropout;Dropout;Dropout;Dropout;Dropout;Dropout;Dropout;Dropout;Dropout;Dropout;Dropout;Dropout;Dropout;Dropout;Dropout;Dropout;Dropout;Dropout;Dropout;Dropout;Dropout
23;23;Dropout;Dropout;Dropout;Dropout;Dropout;Dropout;Dropout;Dropout;Dropout;Dropout;Dropout;Dropout;Dropout;Dropout;Dropout;Dropout;Dropout;Dropout;Dropout;Dropout;Dropout;Dropout;Dropout;Dropout;Dropout;Dropout;Dropout;Dropout;Dropout
24;24;Pass;Pass;Pass;Pass;Pass;Pass;Pass;Pass;Pass;Pass;Pass;Pass;Pass;Pass;Pass;Pass;Pass;Pass;Pass;Pass;Pass;Pass;Pass;Pass;Pass;Pass;Pass;Pass;Pass
25;25;Pass;Pass;Pass;Pass;Pass;Pass;Pass;Pass;Pass;Pass;Pass;Pass;Pass;Pass;Pass;Pass;Pass;Pass;Pass;Pass;Pass;Pass;Pass;Pass;Pass;Pass;Pass;Pass;Pass
26;26;Dropout;Dropout;Dropout;Dropout;Dropout;Dropout;Dropout;Dropout;Dropout;Dropout;Dropout;Dropout;Dropout;Dropout;Pass;Pass;Pass;Pass;Pass;Pass;Fail;Fail;Fail;Dropout;Dropout;Dropout;Fail;Fail;Fail
27;27;Dropout;Dropout;Dropout;Dropout;Dropout;Dropout;Dropout;Dropout;Dropout;Dropout;Dropout;Dropout;Dropout;Dropout;Dropout;Dropout;Dropout;Dropout;Dropout;Dropout;Dropout;Dropout;Dropout;Dropout;Dropout;Dropout;Dropout;Dropout;Dropout
28;28;Pass;Pass;Pass;Pass;Pass;Pass;Pass;Pass;Pass;Pass;Pass;Pass;Pass;Pass;Pass;Pass;Pass;Pass;Pass;Pass;Pass;Pass;Pass;Pass;Pass;Pass;Pass;Pass;Pass
29;29;Dropout;Dropout;Dropout;Dropout;Dropout;Dropout;Dropout;Dropout;Dropout;Dropout;Dropout;Dropout;Dropout;Dropout;Dropout;Dropout;Dropout;Dropout;Dropout;Dropout;Dropout;Dropout;Dropout;Dropout;Dropout;Dropout;Dropout;Dropout;Dropout
30;30;Dropout;Dropout;Dropout;Dropout;Dropout;Dropout;Dropout;Dropout;Dropout;Dropout;Dropout;Dropout;Dropout;Dropout;Dropout;Dropout;Dropout;Dropout;Dropout;Dropout;Dropout;Dropout;Dropout;Dropout;Dropout;Dropout;Dropout;Dropout;Dropout
31;31;Pass;Pass;Pass;Pass;Pass;Pass;Pass;Pass;Pass;Pass;Pass;Pass;Pass;Pass;Pass;Pass;Pass;Pass;Dropout;Dropout;Pass;Pass;Pass;Pass;Pass;Pass;Pass;Pass;Pass
32;32;Dropout;Dropout;Dropout;Dropout;Dropout;Dropout;Dropout;Dropout;Dropout;Dropout;Dropout;Dropout;Dropout;Dropout;Dropout;Dropout;Dropout;Dropout;Dropout;Dropout;Dropout;Dropout;Dropout;Dropout;Dropout;Dropout;Dropout;Dropout;Dropout
33;33;Dropout;Dropout;Dropout;Dropout;Dropout;Dropout;Dropout;Dropout;Dropout;Dropout;Dropout;Dropout;Dropout;Dropout;Dropout;Dropout;Dropout;Dropout;Dropout;Dropout;Dropout;Dropout;Dropout;Dropout;Dropout;Dropout;Dropout;Dropout;Dropout
34;34;Pass;Pass;Pass;Pass;Pass;Pass;Pass;Pass;Pass;Pass;Pass;Pass;Pass;Pass;Pass;Pass;Pass;Pass;Pass;Pass;Pass;Pass;Pass;Pass;Pass;Pass;Pass;Pass;Pass
35;35;Pass;Pass;Pass;Pass;Pass;Pass;Pass;Pass;Pass;Pass;Pass;Pass;Pass;Pass;Pass;Pass;Pass;Pass;Pass;Pass;Pass;Pass;Pass;Pass;Pass;Pass;Pass;Pass;Pass
36;36;Dropout;Dropout;Dropout;Dropout;Dropout;Dropout;Dropout;Dropout;Dropout;Dropout;Dropout;Dropout;Dropout;Dropout;Dropout;Dropout;Dropout;Dropout;Dropout;Dropout;Dropout;Dropout;Dropout;Dropout;Dropout;Dropout;Dropout;Dropout;Dropout
37;37;Dropout;Dropout;Dropout;Dropout;Dropout;Dropout;Dropout;Dropout;Dropout;Dropout;Dropout;Dropout;Dropout;Dropout;Pass;Pass;Pass;Pass;Pass;Pass;Pass;Pass;Pass;Pass;Pass;Pass;Pass;Pass;Pass
38;38;Pass;Pass;Pass;Pass;Pass;Pass;Pass;Pass;Pass;Pass;Pass;Pass;Pass;Pass;Pass;Pass;Pass;Pass;Pass;Pass;Pass;Pass;Pass;Pass;Pass;Pass;Pass;Pass;Pass
39;39;Dropout;Dropout;Dropout;Dropout;Dropout;Dropout;Dropout;Dropout;Dropout;Dropout;Dropout;Dropout;Dropout;Dropout;Dropout;Dropout;Dropout;Dropout;Dropout;Dropout;Dropout;Dropout;Dropout;Dropout;Dropout;Dropout;Dropout;Dropout;Dropout
40;40;Pass;Pass;Pass;Pass;Pass;Pass;Pass;Pass;Pass;Pass;Pass;Pass;Pass;Pass;Pass;Pass;Pass;Pass;Pass;Pass;Pass;Pass;Pass;Pass;Pass;Pass;Pass;Pass;Pass
41;41;Dropout;Dropout;Dropout;Dropout;Dropout;Dropout;Dropout;Dropout;Dropout;Dropout;Dropout;Dropout;Dropout;Dropout;Dropout;Dropout;Dropout;Dropout;Dropout;Dropout;Dropout;Dropout;Dropout;Dropout;Dropout;Dropout;Dropout;Dropout;Dropout
42;42;Pass;Pass;Pass;Pass;Pass;Pass;Pass;Pass;Pass;Pass;Pass;Pass;Pass;Pass;Pass;Pass;Pass;Pass;Pass;Pass;Pass;Pass;Pass;Pass;Pass;Pass;Pass;Pass;Pass
43;43;Pass;Pass;Pass;Pass;Pass;Pass;Pass;Pass;Pass;Pass;Pass;Pass;Pass;Pass;Pass;Pass;Pass;Pass;Pass;Pass;Pass;Pass;Pass;Pass;Pass;Pass;Pass;Pass;Pass
44;44;Pass;Pass;Pass;Pass;Pass;Pass;Pass;Pass;Pass;Pass;Pass;Pass;Pass;Pass;Pass;Pass;Pass;Pass;Pass;Pass;Pass;Pass;Pass;Pass;Pass;Pass;Pass;Pass;Pass
45;45;Dropout;Dropout;Dropout;Dropout;Dropout;Dropout;Dropout;Dropout;Pass;Pass;Pass;Pass;Dropout;Dropout;Pass;Pass;Dropout;Dropout;Dropout;Dropout;Dropout;Dropout;Dropout;Dropout;Dropout;Dropout;Fail;Fail;Fail
46;46;Dropout;Dropout;Dropout;Dropout;Dropout;Dropout;Dropout;Dropout;Dropout;Dropout;Dropout;Dropout;Dropout;Dropout;Dropout;Dropout;Dropout;Dropout;Dropout;Dropout;Dropout;Dropout;Dropout;Dropout;Dropout;Dropout;Dropout;Dropout;Dropout
47;47;Dropout;Dropout;Dropout;Dropout;Dropout;Dropout;Dropout;Dropout;Dropout;Dropout;Dropout;Dropout;Dropout;Dropout;Pass;Pass;Pass;Pass;Pass;Pass;Pass;Pass;Pass;Pass;Pass;Pass;Pass;Pass;Pass
48;48;Dropout;Dropout;Dropout;Dropout;Dropout;Dropout;Dropout;Dropout;Dropout;Dropout;Dropout;Dropout;Dropout;Dropout;Dropout;Dropout;Dropout;Dropout;Dropout;Dropout;Dropout;Dropout;Dropout;Dropout;Dropout;Dropout;Dropout;Dropout;Dropout
49;49;Pass;Pass;Pass;Pass;Pass;Pass;Pass;Pass;Pass;Pass;Pass;Pass;Pass;Pass;Pass;Pass;Pass;Pass;Pass;Pass;Pass;Pass;Pass;Pass;Pass;Pass;Pass;Pass;Pass
50;50;Dropout;Dropout;Dropout;Dropout;Dropout;Dropout;Dropout;Dropout;Dropout;Dropout;Dropout;Dropout;Dropout;Dropout;Dropout;Dropout;Dropout;Dropout;Dropout;Dropout;Dropout;Dropout;Dropout;Dropout;Dropout;Dropout;Dropout;Dropout;Dropout
51;51;Dropout;Dropout;Dropout;Dropout;Dropout;Dropout;Dropout;Dropout;Dropout;Dropout;Dropout;Dropout;Dropout;Dropout;Dropout;Dropout;Dropout;Dropout;Dropout;Dropout;Dropout;Dropout;Dropout;Dropout;Dropout;Dropout;Dropout;Dropout;Dropout
52;52;Pass;Pass;Pass;Pass;Pass;Pass;Pass;Pass;Pass;Pass;Pass;Pass;Pass;Pass;Pass;Pass;Pass;Pass;Pass;Pass;Pass;Pass;Pass;Pass;Pass;Pass;Pass;Pass;Pass
53;53;Dropout;Dropout;Dropout;Dropout;Dropout;Dropout;Dropout;Dropout;Dropout;Dropout;Dropout;Dropout;Dropout;Dropout;Dropout;Dropout;Dropout;Dropout;Dropout;Dropout;Dropout;Dropout;Dropout;Dropout;Dropout;Dropout;Dropout;Dropout;Dropout
54;54;Dropout;Dropout;Dropout;Dropout;Dropout;Dropout;Dropout;Dropout;Dropout;Dropout;Dropout;Dropout;Dropout;Dropout;Dropout;Dropout;Dropout;Dropout;Dropout;Dropout;Dropout;Dropout;Dropout;Dropout;Dropout;Dropout;Dropout;Dropout;Dropout
55;55;Pass;Pass;Pass;Pass;Pass;Pass;Pass;Pass;Pass;Pass;Pass;Pass;Pass;Pass;Pass;Pass;Pass;Pass;Pass;Pass;Pass;Pass;Pass;Pass;Pass;Pass;Pass;Pass;Pass
56;56;Pass;Pass;Pass;Pass;Pass;Pass;Pass;Pass;Pass;Pass;Pass;Pass;Pass;Pass;Pass;Pass;Pass;Pass;Dropout;Dropout;Pass;Dropout;Dropout;Dropout;Dropout;Dropout;Dropout;Dropout;Dropout
57;57;Pass;Pass;Pass;Pass;Pass;Pass;Pass;Pass;Pass;Pass;Pass;Pass;Pass;Pass;Pass;Pass;Pass;Pass;Pass;Pass;Pass;Pass;Pass;Pass;Pass;Pass;Pass;Pass;Pass
58;58;Dropout;Dropout;Dropout;Dropout;Dropout;Dropout;Dropout;Dropout;Dropout;Dropout;Dropout;Dropout;Dropout;Dropout;Dropout;Dropout;Dropout;Dropout;Dropout;Dropout;Dropout;Dropout;Dropout;Dropout;Dropout;Dropout;Dropout;Dropout;Dropout
59;59;Pass;Pass;Pass;Pass;Pass;Pass;Pass;Pass;Pass;Pass;Pass;Pass;Pass;Pass;Pass;Pass;Pass;Pass;Pass;Pass;Pass;Pass;Pass;Pass;Pass;Pass;Pass;Pass;Pass
60;60;Dropout;Dropout;Dropout;Dropout;Dropout;Dropout;Dropout;Dropout;Dropout;Dropout;Dropout;Dropout;Dropout;Dropout;Dropout;Dropout;Dropout;Dropout;Dropout;Dropout;Dropout;Dropout;Dropout;Dropout;Dropout;Dropout;Dropout;Dropout;Dropout
61;61;Dropout;Dropout;Dropout;Dropout;Dropout;Dropout;Dropout;Dropout;Dropout;Dropout;Dropout;Dropout;Dropout;Dropout;Pass;Pass;Pass;Pass;Pass;Pass;Pass;Pass;Pass;Pass;Pass;Pass;Pass;Pass;Pass
62;62;Dropout;Dropout;Dropout;Dropout;Dropout;Dropout;Dropout;Dropout;Dropout;Dropout;Dropout;Dropout;Dropout;Dropout;Dropout;Dropout;Dropout;Dropout;Dropout;Dropout;Dropout;Dropout;Dropout;Dropout;Dropout;Dropout;Dropout;Dropout;Dropout
63;63;Dropout;Dropout;Dropout;Dropout;Dropout;Dropout;Dropout;Dropout;Dropout;Dropout;Dropout;Dropout;Dropout;Dropout;Dropout;Dropout;Dropout;Dropout;Dropout;Dropout;Dropout;Dropout;Dropout;Dropout;Dropout;Dropout;Dropout;Dropout;Dropout
64;64;Pass;Pass;Pass;Pass;Pass;Pass;Pass;Pass;Pass;Pass;Pass;Pass;Pass;Pass;Pass;Pass;Pass;Pass;Pass;Pass;Pass;Pass;Pass;Pass;Pass;Pass;Pass;Pass;Pass
65;65;Pass;Pass;Pass;Pass;Pass;Pass;Pass;Pass;Pass;Pass;Pass;Pass;Pass;Pass;Pass;Pass;Pass;Pass;Pass;Pass;Pass;Pass;Pass;Pass;Pass;Pass;Pass;Pass;Pass
66;66;Pass;Pass;Pass;Pass;Pass;Pass;Pass;Pass;Pass;Pass;Pass;Pass;Pass;Pass;Pass;Pass;Pass;Pass;Pass;Pass;Pass;Pass;Pass;Pass;Pass;Pass;Pass;Pass;Pass
67;67;Dropout;Dropout;Dropout;Dropout;Dropout;Dropout;Dropout;Dropout;Dropout;Dropout;Dropout;Dropout;Dropout;Dropout;Dropout;Dropout;Dropout;Dropout;Dropout;Dropout;Dropout;Dropout;Dropout;Dropout;Dropout;Dropout;Dropout;Dropout;Dropout
68;68;Dropout;Dropout;Dropout;Dropout;Dropout;Dropout;Dropout;Dropout;Dropout;Dropout;Dropout;Dropout;Dropout;Dropout;Dropout;Dropout;Dropout;Dropout;Dropout;Dropout;Dropout;Dropout;Dropout;Dropout;Dropout;Dropout;Dropout;Dropout;Dropout
69;69;Dropout;Dropout;Dropout;Dropout;Dropout;Dropout;Dropout;Dropout;Dropout;Dropout;Dropout;Dropout;Dropout;Dropout;Dropout;Dropout;Dropout;Dropout;Dropout;Dropout;Dropout;Dropout;Dropout;Dropout;Dropout;Dropout;Dropout;Dropout;Dropout
70;70;Pass;Pass;Pass;Pass;Pass;Pass;Pass;Pass;Pass;Pass;Pass;Pass;Pass;Pass;Pass;Pass;Pass;Pass;Pass;Pass;Pass;Pass;Pass;Pass;Pass;Pass;Pass;Pass;Pass
71;71;Dropout;Dropout;Dropout;Dropout;Dropout;Dropout;Dropout;Dropout;Dropout;Dropout;Dropout;Dropout;Dropout;Dropout;Dropout;Dropout;Dropout;Dropout;Dropout;Dropout;Dropout;Dropout;Dropout;Dropout;Dropout;Dropout;Dropout;Dropout;Dropout
72;72;Pass;Pass;Pass;Pass;Pass;Pass;Pass;Pass;Pass;Pass;Pass;Pass;Pass;Pass;Pass;Pass;Pass;Pass;Pass;Pass;Pass;Pass;Pass;Pass;Pass;Pass;Pass;Pass;Pass
73;73;Dropout;Dropout;Dropout;Dropout;Dropout;Dropout;Dropout;Dropout;Dropout;Dropout;Dropout;Dropout;Dropout;Dropout;Dropout;Dropout;Dropout;Dropout;Dropout;Dropout;Dropout;Dropout;Dropout;Dropout;Dropout;Dropout;Dropout;Dropout;Dropout
74;74;Dropout;Dropout;Dropout;Dropout;Dropout;Dropout;Dropout;Dropout;Dropout;Dropout;Dropout;Dropout;Dropout;Dropout;Dropout;Dropout;Dropout;Dropout;Dropout;Dropout;Dropout;Dropout;Dropout;Dropout;Dropout;Dropout;Dropout;Dropout;Dropout
75;75;Pass;Pass;Pass;Pass;Pass;Pass;Pass;Pass;Pass;Pass;Pass;Pass;Pass;Pass;Pass;Pass;Pass;Pass;Pass;Pass;Pass;Pass;Pass;Pass;Pass;Pass;Pass;Pass;Pass
76;76;Pass;Pass;Pass;Pass;Pass;Pass;Pass;Pass;Pass;Pass;Pass;Pass;Pass;Pass;Pass;Pass;Pass;Pass;Pass;Pass;Pass;Pass;Pass;Pass;Pass;Pass;Pass;Pass;Pass
77;77;Dropout;Dropout;Dropout;Dropout;Dropout;Dropout;Dropout;Dropout;Dropout;Dropout;Dropout;Dropout;Dropout;Dropout;Dropout;Dropout;Dropout;Dropout;Dropout;Dropout;Dropout;Dropout;Dropout;Dropout;Dropout;Dropout;Dropout;Dropout;Dropout
78;78;Pass;Pass;Pass;Pass;Pass;Pass;Pass;Pass;Pass;Pass;Pass;Pass;Pass;Pass;Pass;Pass;Pass;Pass;Pass;Pass;Pass;Pass;Pass;Pass;Pass;Pass;Pass;Pass;Pass
79;79;Pass;Pass;Pass;Pass;Pass;Pass;Pass;Pass;Pass;Pass;Pass;Pass;Pass;Pass;Pass;Pass;Pass;Pass;Pass;Pass;Pass;Pass;Pass;Pass;Pass;Pass;Pass;Pass;Pass
80;80;Dropout;Dropout;Dropout;Dropout;Dropout;Dropout;Dropout;Dropout;Dropout;Dropout;Dropout;Dropout;Dropout;Dropout;Dropout;Dropout;Dropout;Dropout;Dropout;Dropout;Dropout;Dropout;Dropout;Dropout;Dropout;Dropout;Dropout;Dropout;Dropout
81;81;Pass;Pass;Pass;Pass;Pass;Pass;Pass;Pass;Pass;Pass;Pass;Pass;Pass;Pass;Pass;Pass;Pass;Pass;Pass;Pass;Pass;Pass;Pass;Pass;Pass;Pass;Pass;Pass;Pass
82;82;Pass;Pass;Pass;Pass;Pass;Pass;Pass;Pass;Pass;Pass;Pass;Pass;Pass;Pass;Pass;Pass;Pass;Pass;Pass;Pass;Pass;Pass;Pass;Pass;Pass;Pass;Pass;Pass;Pass
83;83;Dropout;Dropout;Dropout;Dropout;Dropout;Dropout;Dropout;Dropout;Dropout;Dropout;Dropout;Dropout;Dropout;Dropout;Dropout;Dropout;Dropout;Dropout;Dropout;Dropout;Dropout;Dropout;Dropout;Dropout;Dropout;Dropout;Dropout;Dropout;Dropout
84;84;Pass;Pass;Pass;Pass;Pass;Pass;Pass;Pass;Pass;Pass;Pass;Pass;Pass;Pass;Pass;Pass;Pass;Pass;Pass;Pass;Pass;Pass;Pass;Pass;Pass;Pass;Pass;Pass;Pass
85;85;Dropout;Dropout;Dropout;Dropout;Dropout;Dropout;Dropout;Dropout;Dropout;Dropout;Dropout;Dropout;Dropout;Dropout;Dropout;Dropout;Dropout;Dropout;Dropout;Dropout;Dropout;Dropout;Dropout;Dropout;Dropout;Dropout;Dropout;Dropout;Dropout
86;86;Pass;Pass;Pass;Pass;Pass;Pass;Pass;Pass;Pass;Pass;Pass;Pass;Pass;Pass;Pass;Pass;Pass;Pass;Pass;Pass;Pass;Pass;Pass;Pass;Pass;Pass;Pass;Pass;Pass
87;87;Dropout;Dropout;Dropout;Dropout;Dropout;Dropout;Dropout;Dropout;Dropout;Dropout;Dropout;Dropout;Dropout;Dropout;Dropout;Dropout;Dropout;Dropout;Dropout;Dropout;Dropout;Dropout;Dropout;Dropout;Dropout;Dropout;Dropout;Dropout;Dropout
88;88;Pass;Pass;Pass;Pass;Pass;Pass;Pass;Pass;Pass;Pass;Pass;Pass;Pass;Pass;Pass;Pass;Pass;Pass;Pass;Pass;Pass;Pass;Pass;Pass;Pass;Pass;Pass;Pass;Pass
89;89;Pass;Pass;Pass;Pass;Pass;Pass;Pass;Pass;Pass;Pass;Pass;Pass;Pass;Pass;Pass;Pass;Pass;Pass;Pass;Pass;Pass;Pass;Pass;Pass;Pass;Pass;Pass;Pass;Pass
90;90;Pass;Pass;Pass;Pass;Pass;Pass;Pass;Pass;Pass;Pass;Pass;Pass;Pass;Pass;Pass;Pass;Pass;Pass;Pass;Pass;Pass;Pass;Pass;Pass;Pass;Pass;Pass;Pass;Pass
91;91;Dropout;Dropout;Dropout;Dropout;Dropout;Dropout;Dropout;Dropout;Dropout;Dropout;Dropout;Dropout;Dropout;Dropout;Dropout;Dropout;Dropout;Dropout;Dropout;Dropout;Dropout;Dropout;Dropout;Dropout;Dropout;Dropout;Dropout;Dropout;Dropout
92;92;Dropout;Dropout;Dropout;Dropout;Dropout;Dropout;Dropout;Dropout;Dropout;Dropout;Dropout;Dropout;Dropout;Dropout;Dropout;Dropout;Dropout;Dropout;Dropout;Dropout;Dropout;Dropout;Dropout;Dropout;Dropout;Dropout;Dropout;Dropout;Dropout
93;93;Pass;Pass;Pass;Pass;Pass;Pass;Pass;Pass;Pass;Pass;Pass;Pass;Pass;Pass;Pass;Pass;Pass;Pass;Pass;Pass;Pass;Pass;Pass;Pass;Pass;Pass;Pass;Pass;Pass
94;94;Dropout;Dropout;Dropout;Dropout;Dropout;Dropout;Dropout;Dropout;Dropout;Dropout;Dropout;Dropout;Dropout;Dropout;Dropout;Dropout;Dropout;Dropout;Dropout;Dropout;Dropout;Dropout;Dropout;Dropout;Dropout;Dropout;Dropout;Dropout;Dropout
95;95;Dropout;Dropout;Dropout;Dropout;Dropout;Dropout;Dropout;Dropout;Dropout;Dropout;Dropout;Dropout;Dropout;Dropout;Pass;Pass;Pass;Pass;Pass;Pass;Dropout;Dropout;Dropout;Dropout;Dropout;Dropout;Dropout;Dropout;Dropout
96;96;Dropout;Dropout;Dropout;Dropout;Dropout;Dropout;Dropout;Dropout;Dropout;Dropout;Dropout;Dropout;Dropout;Dropout;Dropout;Dropout;Dropout;Dropout;Dropout;Dropout;Dropout;Dropout;Dropout;Dropout;Dropout;Dropout;Dropout;Dropout;Dropout
97;97;Pass;Pass;Pass;Pass;Pass;Pass;Pass;Pass;Pass;Pass;Pass;Pass;Pass;Pass;Pass;Pass;Pass;Pass;Pass;Pass;Pass;Pass;Pass;Pass;Pass;Pass;Pass;Pass;Pass
98;98;Dropout;Dropout;Dropout;Dropout;Dropout;Dropout;Dropout;Dropout;Dropout;Dropout;Dropout;Dropout;Dropout;Dropout;Dropout;Dropout;Dropout;Dropout;Dropout;Dropout;Dropout;Dropout;Dropout;Dropout;Dropout;Dropout;Dropout;Dropout;Dropout
99;99;Pass;Pass;Pass;Pass;Pass;Pass;Pass;Pass;Pass;Pass;Pass;Pass;Pass;Pass;Pass;Pass;Pass;Pass;Pass;Pass;Pass;Pass;Pass;Pass;Pass;Pass;Pass;Pass;Pass
100;100;Dropout;Dropout;Dropout;Dropout;Dropout;Dropout;Dropout;Dropout;Dropout;Dropout;Dropout;Dropout;Dropout;Dropout;Dropout;Dropout;Dropout;Dropout;Dropout;Dropout;Dropout;Dropout;Dropout;Dropout;Dropout;Dropout;Dropout;Dropout;Dropout
101;101;Pass;Pass;Pass;Pass;Pass;Pass;Pass;Pass;Pass;Pass;Pass;Pass;Pass;Pass;Pass;Pass;Pass;Pass;Pass;Pass;Pass;Pass;Pass;Pass;Pass;Pass;Pass;Pass;Pass
102;102;Dropout;Dropout;Dropout;Dropout;Dropout;Dropout;Dropout;Dropout;Dropout;Dropout;Dropout;Dropout;Dropout;Dropout;Dropout;Dropout;Dropout;Dropout;Dropout;Dropout;Dropout;Dropout;Dropout;Dropout;Dropout;Dropout;Dropout;Dropout;Dropout
103;103;Pass;Pass;Pass;Pass;Pass;Pass;Pass;Pass;Pass;Pass;Pass;Pass;Pass;Pass;Pass;Pass;Pass;Pass;Pass;Pass;Pass;Pass;Pass;Pass;Pass;Pass;Pass;Pass;Pass
104;104;Dropout;Dropout;Dropout;Dropout;Dropout;Dropout;Dropout;Dropout;Dropout;Dropout;Dropout;Dropout;Dropout;Dropout;Dropout;Dropout;Dropout;Dropout;Dropout;Dropout;Dropout;Dropout;Dropout;Dropout;Dropout;Dropout;Dropout;Dropout;Dropout
105;105;Dropout;Dropout;Dropout;Dropout;Dropout;Dropout;Dropout;Dropout;Dropout;Dropout;Dropout;Dropout;Dropout;Dropout;Dropout;Dropout;Dropout;Dropout;Dropout;Dropout;Dropout;Dropout;Dropout;Dropout;Dropout;Dropout;Dropout;Dropout;Dropout
106;106;Dropout;Dropout;Dropout;Dropout;Dropout;Dropout;Dropout;Dropout;Dropout;Dropout;Dropout;Dropout;Dropout;Dropout;Dropout;Dropout;Dropout;Dropout;Dropout;Dropout;Dropout;Dropout;Dropout;Dropout;Dropout;Dropout;Dropout;Dropout;Dropout
107;107;Pass;Pass;Pass;Pass;Pass;Pass;Pass;Pass;Pass;Pass;Pass;Pass;Pass;Pass;Pass;Pass;Pass;Pass;Pass;Pass;Pass;Pass;Pass;Pass;Pass;Pass;Pass;Pass;Pass
108;108;Pass;Pass;Pass;Pass;Pass;Pass;Pass;Pass;Pass;Pass;Pass;Pass;Pass;Pass;Pass;Pass;Pass;Pass;Pass;Pass;Pass;Pass;Pass;Pass;Pass;Pass;Pass;Pass;Pass
109;109;Dropout;Dropout;Dropout;Dropout;Dropout;Dropout;Dropout;Dropout;Dropout;Dropout;Dropout;Dropout;Dropout;Dropout;Dropout;Dropout;Dropout;Dropout;Dropout;Dropout;Dropout;Dropout;Dropout;Dropout;Dropout;Dropout;Dropout;Dropout;Dropout
110;110;Dropout;Dropout;Dropout;Dropout;Dropout;Dropout;Dropout;Dropout;Dropout;Dropout;Dropout;Dropout;Dropout;Dropout;Dropout;Dropout;Dropout;Dropout;Dropout;Dropout;Dropout;Dropout;Dropout;Dropout;Dropout;Dropout;Dropout;Dropout;Dropout
111;111;Pass;Pass;Pass;Pass;Pass;Pass;Pass;Pass;Pass;Pass;Pass;Pass;Pass;Pass;Pass;Pass;Pass;Pass;Pass;Pass;Pass;Pass;Pass;Pass;Pass;Pass;Pass;Pass;Pass
112;112;Pass;Pass;Pass;Pass;Pass;Pass;Pass;Pass;Pass;Pass;Pass;Pass;Pass;Pass;Pass;Pass;Pass;Pass;Pass;Pass;Pass;Pass;Pass;Pass;Pass;Pass;Pass;Pass;Pass
113;113;Pass;Pass;Pass;Pass;Pass;Pass;Pass;Pass;Pass;Pass;Pass;Pass;Pass;Pass;Pass;Pass;Pass;Pass;Dropout;Dropout;Fail;Fail;Fail;Fail;Fail;Fail;Dropout;Dropout;Dropout
114;114;Pass;Pass;Pass;Pass;Pass;Pass;Pass;Pass;Pass;Pass;Pass;Pass;Pass;Pass;Pass;Pass;Pass;Pass;Pass;Pass;Pass;Pass;Pass;Pass;Pass;Pass;Pass;Pass;Pass
115;115;Pass;Pass;Pass;Pass;Pass;Pass;Pass;Pass;Pass;Pass;Pass;Pass;Pass;Pass;Pass;Pass;Pass;Pass;Pass;Pass;Pass;Pass;Pass;Pass;Pass;Pass;Pass;Pass;Pass
116;116;Dropout;Dropout;Dropout;Dropout;Dropout;Dropout;Dropout;Dropout;Dropout;Dropout;Dropout;Dropout;Dropout;Dropout;Dropout;Dropout;Dropout;Dropout;Dropout;Dropout;Dropout;Dropout;Dropout;Dropout;Dropout;Dropout;Dropout;Dropout;Dropout
117;117;Dropout;Dropout;Dropout;Dropout;Dropout;Dropout;Dropout;Dropout;Dropout;Dropout;Dropout;Dropout;Dropout;Dropout;Dropout;Dropout;Dropout;Dropout;Dropout;Dropout;Dropout;Dropout;Dropout;Dropout;Dropout;Dropout;Dropout;Dropout;Dropout
118;118;Pass;Pass;Pass;Pass;Pass;Pass;Pass;Pass;Pass;Pass;Pass;Pass;Pass;Pass;Pass;Pass;Pass;Pass;Pass;Pass;Pass;Pass;Pass;Pass;Pass;Pass;Pass;Pass;Pass
119;119;Pass;Pass;Pass;Pass;Pass;Pass;Pass;Pass;Pass;Pass;Pass;Pass;Pass;Pass;Pass;Pass;Pass;Pass;Pass;Pass;Pass;Pass;Pass;Pass;Pass;Pass;Pass;Pass;Pass
120;120;Dropout;Dropout;Dropout;Dropout;Dropout;Dropout;Dropout;Dropout;Dropout;Dropout;Dropout;Dropout;Dropout;Dropout;Dropout;Dropout;Dropout;Dropout;Dropout;Dropout;Dropout;Dropout;Dropout;Dropout;Dropout;Dropout;Dropout;Dropout;Dropout
121;121;Pass;Pass;Pass;Pass;Pass;Pass;Pass;Pass;Pass;Pass;Pass;Pass;Pass;Pass;Pass;Pass;Pass;Pass;Pass;Pass;Pass;Pass;Pass;Pass;Pass;Pass;Pass;Pass;Pass
122;122;Dropout;Dropout;Dropout;Dropout;Dropout;Dropout;Dropout;Dropout;Dropout;Dropout;Dropout;Dropout;Dropout;Dropout;Dropout;Dropout;Dropout;Dropout;Dropout;Dropout;Dropout;Dropout;Dropout;Dropout;Dropout;Dropout;Dropout;Dropout;Dropout
123;123;Dropout;Dropout;Dropout;Dropout;Dropout;Dropout;Dropout;Dropout;Dropout;Dropout;Dropout;Dropout;Dropout;Dropout;Dropout;Dropout;Dropout;Dropout;Dropout;Dropout;Dropout;Dropout;Dropout;Dropout;Dropout;Dropout;Dropout;Dropout;Dropout
124;124;Pass;Pass;Pass;Pass;Pass;Pass;Pass;Pass;Pass;Pass;Pass;Pass;Pass;Pass;Pass;Pass;Pass;Pass;Pass;Pass;Pass;Pass;Pass;Pass;Pass;Pass;Pass;Pass;Pass
125;125;Pass;Pass;Pass;Pass;Pass;Pass;Pass;Pass;Dropout;Dropout;Dropout;Dropout;Fail;Dropout;Dropout;Dropout;Dropout;Dropout;Dropout;Dropout;Dropout;Dropout;Dropout;Dropout;Dropout;Dropout;Dropout;Dropout;Dropout
126;126;Dropout;Dropout;Dropout;Dropout;Dropout;Dropout;Dropout;Dropout;Dropout;Dropout;Dropout;Dropout;Dropout;Dropout;Dropout;Dropout;Dropout;Dropout;Dropout;Dropout;Dropout;Dropout;Dropout;Dropout;Dropout;Dropout;Dropout;Dropout;Dropout
127;127;Pass;Pass;Pass;Pass;Pass;Pass;Pass;Pass;Pass;Pass;Pass;Pass;Pass;Pass;Pass;Pass;Pass;Pass;Pass;Pass;Pass;Pass;Pass;Pass;Pass;Pass;Pass;Pass;Pass
128;128;Pass;Pass;Pass;Pass;Pass;Pass;Pass;Pass;Pass;Pass;Pass;Pass;Pass;Pass;Pass;Pass;Pass;Pass;Pass;Pass;Pass;Pass;Pass;Pass;Pass;Pass;Pass;Pass;Pass
129;129;Dropout;Dropout;Dropout;Dropout;Dropout;Dropout;Dropout;Dropout;Dropout;Dropout;Dropout;Dropout;Dropout;Dropout;Dropout;Dropout;Dropout;Dropout;Dropout;Dropout;Dropout;Dropout;Dropout;Dropout;Dropout;Dropout;Dropout;Dropout;Dropout
130;130;Pass;Pass;Pass;Pass;Pass;Pass;Pass;Pass;Pass;Pass;Pass;Pass;Pass;Pass;Pass;Pass;Pass;Pass;Pass;Pass;Pass;Pass;Pass;Pass;Pass;Pass;Pass;Pass;Pass
131;131;Dropout;Dropout;Dropout;Dropout;Dropout;Dropout;Dropout;Dropout;Dropout;Dropout;Dropout;Dropout;Dropout;Dropout;Dropout;Dropout;Dropout;Dropout;Dropout;Dropout;Dropout;Dropout;Dropout;Dropout;Dropout;Dropout;Dropout;Dropout;Dropout
132;132;Dropout;Dropout;Dropout;Dropout;Dropout;Dropout;Dropout;Dropout;Dropout;Dropout;Dropout;Dropout;Dropout;Dropout;Dropout;Dropout;Dropout;Dropout;Dropout;Dropout;Dropout;Dropout;Dropout;Dropout;Dropout;Dropout;Dropout;Dropout;Dropout
133;133;Pass;Pass;Pass;Pass;Pass;Pass;Pass;Pass;Pass;Pass;Pass;Pass;Pass;Pass;Pass;Pass;Pass;Pass;Pass;Pass;Pass;Pass;Pass;Pass;Pass;Pass;Pass;Pass;Pass
134;134;Dropout;Dropout;Dropout;Dropout;Dropout;Dropout;Dropout;Dropout;Dropout;Dropout;Dropout;Dropout;Dropout;Dropout;Dropout;Dropout;Dropout;Dropout;Dropout;Dropout;Dropout;Dropout;Dropout;Dropout;Dropout;Dropout;Dropout;Dropout;Dropout
135;135;Pass;Pass;Pass;Pass;Pass;Pass;Pass;Pass;Pass;Pass;Pass;Pass;Pass;Pass;Pass;Pass;Pass;Pass;Pass;Pass;Pass;Pass;Pass;Pass;Pass;Pass;Pass;Pass;Pass
136;136;Pass;Pass;Pass;Pass;Pass;Pass;Pass;Pass;Pass;Pass;Pass;Pass;Pass;Pass;Pass;Pass;Pass;Pass;Pass;Pass;Pass;Pass;Pass;Pass;Pass;Pass;Pass;Pass;Pass
137;137;Dropout;Dropout;Dropout;Dropout;Dropout;Dropout;Dropout;Dropout;Dropout;Dropout;Dropout;Dropout;Dropout;Dropout;Dropout;Dropout;Dropout;Dropout;Dropout;Dropout;Dropout;Dropout;Dropout;Dropout;Dropout;Dropout;Dropout;Dropout;Dropout
138;138;Pass;Pass;Pass;Pass;Pass;Pass;Pass;Pass;Pass;Pass;Pass;Pass;Pass;Pass;Pass;Pass;Pass;Pass;Pass;Pass;Pass;Pass;Pass;Pass;Pass;Pass;Pass;Pass;Pass
139;139;Dropout;Dropout;Dropout;Dropout;Dropout;Dropout;Dropout;Dropout;Dropout;Dropout;Dropout;Dropout;Dropout;Dropout;Dropout;Dropout;Dropout;Dropout;Dropout;Dropout;Dropout;Dropout;Dropout;Dropout;Dropout;Dropout;Dropout;Dropout;Dropout
140;140;Pass;Pass;Pass;Pass;Pass;Pass;Pass;Pass;Pass;Pass;Pass;Pass;Pass;Pass;Pass;Pass;Pass;Pass;Pass;Pass;Pass;Pass;Pass;Pass;Pass;Pass;Pass;Pass;Pass
141;141;Dropout;Dropout;Dropout;Dropout;Dropout;Dropout;Dropout;Dropout;Dropout;Dropout;Dropout;Dropout;Dropout;Dropout;Dropout;Dropout;Dropout;Dropout;Dropout;Dropout;Dropout;Dropout;Dropout;Dropout;Dropout;Dropout;Dropout;Dropout;Dropout
142;142;Pass;Pass;Pass;Pass;Pass;Pass;Pass;Pass;Pass;Pass;Pass;Pass;Pass;Pass;Pass;Pass;Pass;Pass;Pass;Pass;Pass;Pass;Pass;Pass;Pass;Pass;Pass;Pass;Pass
143;143;Dropout;Dropout;Dropout;Dropout;Dropout;Dropout;Dropout;Dropout;Dropout;Dropout;Dropout;Dropout;Dropout;Dropout;Dropout;Dropout;Dropout;Dropout;Dropout;Dropout;Dropout;Dropout;Dropout;Dropout;Dropout;Dropout;Dropout;Dropout;Dropout
144;144;Pass;Pass;Pass;Pass;Pass;Pass;Pass;Pass;Pass;Pass;Pass;Pass;Pass;Pass;Pass;Pass;Pass;Pass;Pass;Pass;Pass;Pass;Pass;Pass;Pass;Pass;Pass;Pass;Pass
145;145;Dropout;Dropout;Dropout;Dropout;Dropout;Dropout;Dropout;Dropout;Dropout;Dropout;Dropout;Dropout;Dropout;Dropout;Dropout;Dropout;Dropout;Dropout;Dropout;Dropout;Dropout;Dropout;Dropout;Dropout;Dropout;Dropout;Dropout;Dropout;Dropout
146;146;Pass;Pass;Pass;Pass;Pass;Pass;Pass;Pass;Pass;Pass;Pass;Pass;Pass;Pass;Pass;Pass;Pass;Pass;Pass;Pass;Pass;Pass;Pass;Pass;Pass;Pass;Pass;Pass;Pass
147;147;Pass;Pass;Pass;Pass;Pass;Pass;Pass;Pass;Pass;Pass;Pass;Pass;Pass;Pass;Pass;Pass;Pass;Pass;Pass;Pass;Pass;Pass;Pass;Pass;Pass;Pass;Pass;Pass;Pass
148;148;Dropout;Dropout;Dropout;Dropout;Dropout;Dropout;Dropout;Dropout;Dropout;Dropout;Dropout;Dropout;Dropout;Dropout;Dropout;Dropout;Dropout;Dropout;Dropout;Dropout;Dropout;Dropout;Dropout;Dropout;Dropout;Dropout;Dropout;Dropout;Dropout
149;149;Pass;Pass;Pass;Pass;Pass;Pass;Pass;Pass;Pass;Pass;Pass;Pass;Pass;Pass;Pass;Pass;Pass;Pass;Pass;Pass;Pass;Pass;Pass;Pass;Pass;Pass;Pass;Pass;Pass
150;150;Dropout;Dropout;Dropout;Dropout;Dropout;Dropout;Dropout;Dropout;Dropout;Dropout;Dropout;Dropout;Dropout;Dropout;Dropout;Dropout;Dropout;Dropout;Dropout;Dropout;Dropout;Dropout;Dropout;Dropout;Dropout;Dropout;Dropout;Dropout;Dropout
151;151;Pass;Pass;Pass;Pass;Pass;Pass;Pass;Pass;Pass;Pass;Pass;Pass;Pass;Pass;Pass;Pass;Pass;Pass;Pass;Pass;Pass;Pass;Pass;Pass;Pass;Pass;Pass;Pass;Pass
152;152;Pass;Pass;Pass;Pass;Pass;Pass;Pass;Pass;Pass;Pass;Pass;Pass;Pass;Pass;Pass;Pass;Pass;Pass;Pass;Pass;Pass;Pass;Pass;Pass;Pass;Pass;Pass;Pass;Pass
153;153;Dropout;Dropout;Dropout;Dropout;Dropout;Dropout;Dropout;Dropout;Dropout;Dropout;Dropout;Dropout;Dropout;Dropout;Dropout;Dropout;Dropout;Dropout;Dropout;Dropout;Dropout;Dropout;Dropout;Dropout;Dropout;Dropout;Dropout;Dropout;Dropout
154;154;Pass;Pass;Pass;Pass;Pass;Pass;Pass;Pass;Pass;Pass;Pass;Pass;Pass;Pass;Pass;Pass;Pass;Pass;Pass;Pass;Pass;Pass;Pass;Pass;Pass;Pass;Pass;Pass;Pass
155;155;Dropout;Dropout;Dropout;Dropout;Dropout;Dropout;Dropout;Dropout;Dropout;Dropout;Dropout;Dropout;Pass;Pass;Pass;Pass;Pass;Pass;Pass;Pass;Pass;Pass;Pass;Pass;Pass;Pass;Pass;Pass;Pass
156;156;Dropout;Dropout;Dropout;Dropout;Dropout;Dropout;Dropout;Dropout;Dropout;Dropout;Dropout;Dropout;Dropout;Dropout;Dropout;Dropout;Dropout;Dropout;Dropout;Dropout;Dropout;Dropout;Dropout;Dropout;Dropout;Dropout;Dropout;Dropout;Dropout
157;157;Pass;Pass;Pass;Pass;Pass;Pass;Pass;Pass;Pass;Pass;Pass;Pass;Pass;Pass;Pass;Pass;Pass;Pass;Pass;Pass;Pass;Pass;Pass;Pass;Pass;Pass;Pass;Pass;Pass
158;158;Dropout;Dropout;Dropout;Dropout;Dropout;Dropout;Dropout;Dropout;Dropout;Dropout;Dropout;Dropout;Dropout;Dropout;Dropout;Dropout;Dropout;Dropout;Dropout;Dropout;Dropout;Dropout;Dropout;Dropout;Dropout;Dropout;Dropout;Dropout;Dropout
159;159;Dropout;Dropout;Dropout;Dropout;Dropout;Dropout;Dropout;Dropout;Dropout;Dropout;Dropout;Dropout;Dropout;Dropout;Pass;Pass;Pass;Pass;Pass;Pass;Pass;Pass;Pass;Pass;Pass;Pass;Pass;Pass;Pass
160;160;Pass;Pass;Pass;Pass;Pass;Pass;Pass;Pass;Pass;Pass;Pass;Pass;Pass;Pass;Pass;Pass;Pass;Pass;Pass;Pass;Pass;Pass;Pass;Pass;Pass;Pass;Pass;Pass;Pass
161;161;Dropout;Dropout;Dropout;Dropout;Dropout;Dropout;Dropout;Dropout;Dropout;Dropout;Dropout;Dropout;Dropout;Dropout;Dropout;Dropout;Dropout;Dropout;Dropout;Dropout;Dropout;Dropout;Dropout;Dropout;Dropout;Dropout;Dropout;Dropout;Dropout
162;162;Pass;Pass;Pass;Pass;Pass;Pass;Pass;Pass;Pass;Pass;Pass;Pass;Pass;Pass;Pass;Pass;Pass;Pass;Pass;Pass;Pass;Pass;Pass;Pass;Pass;Pass;Pass;Pass;Pass
163;163;Dropout;Dropout;Dropout;Dropout;Dropout;Dropout;Dropout;Dropout;Dropout;Dropout;Dropout;Dropout;Dropout;Dropout;Dropout;Dropout;Dropout;Dropout;Dropout;Dropout;Dropout;Dropout;Dropout;Dropout;Dropout;Dropout;Dropout;Dropout;Dropout
164;164;Pass;Pass;Pass;Pass;Pass;Pass;Pass;Pass;Pass;Pass;Pass;Pass;Pass;Pass;Pass;Pass;Pass;Pass;Pass;Pass;Pass;Pass;Pass;Pass;Pass;Pass;Pass;Pass;Pass
165;165;Pass;Pass;Pass;Pass;Pass;Pass;Pass;Pass;Pass;Pass;Pass;Pass;Pass;Pass;Pass;Pass;Pass;Pass;Pass;Pass;Pass;Pass;Pass;Pass;Pass;Pass;Pass;Pass;Pass
166;166;Dropout;Dropout;Dropout;Dropout;Dropout;Dropout;Dropout;Dropout;Dropout;Dropout;Dropout;Dropout;Dropout;Dropout;Pass;Pass;Pass;Pass;Pass;Pass;Pass;Pass;Pass;Pass;Pass;Pass;Pass;Pass;Pass
167;167;Dropout;Dropout;Dropout;Dropout;Dropout;Dropout;Dropout;Dropout;Dropout;Dropout;Dropout;Dropout;Dropout;Dropout;Dropout;Dropout;Dropout;Dropout;Dropout;Dropout;Dropout;Dropout;Dropout;Dropout;Dropout;Dropout;Dropout;Dropout;Dropout
168;168;Pass;Pass;Pass;Pass;Pass;Pass;Pass;Pass;Pass;Pass;Pass;Pass;Pass;Pass;Pass;Pass;Pass;Pass;Pass;Pass;Pass;Pass;Pass;Pass;Pass;Pass;Pass;Pass;Pass
169;169;Dropout;Dropout;Dropout;Dropout;Dropout;Dropout;Dropout;Dropout;Dropout;Dropout;Dropout;Dropout;Dropout;Dropout;Dropout;Dropout;Dropout;Dropout;Dropout;Dropout;Dropout;Dropout;Dropout;Dropout;Dropout;Dropout;Dropout;Dropout;Dropout
170;170;Dropout;Dropout;Dropout;Dropout;Dropout;Dropout;Dropout;Dropout;Pass;Pass;Pass;Pass;Pass;Pass;Pass;Pass;Pass;Pass;Pass;Pass;Pass;Pass;Pass;Pass;Pass;Pass;Pass;Pass;Pass
171;171;Dropout;Dropout;Dropout;Dropout;Dropout;Dropout;Dropout;Dropout;Dropout;Dropout;Dropout;Dropout;Dropout;Dropout;Dropout;Dropout;Dropout;Dropout;Dropout;Dropout;Dropout;Dropout;Dropout;Dropout;Dropout;Dropout;Dropout;Dropout;Dropout
172;172;Pass;Pass;Pass;Pass;Pass;Pass;Pass;Pass;Pass;Pass;Pass;Pass;Pass;Pass;Pass;Pass;Pass;Pass;Pass;Pass;Pass;Pass;Pass;Pass;Pass;Pass;Pass;Pass;Pass
173;173;Pass;Pass;Pass;Pass;Pass;Pass;Pass;Pass;Pass;Pass;Pass;Pass;Pass;Pass;Pass;Pass;Pass;Pass;Pass;Pass;Pass;Pass;Pass;Pass;Pass;Pass;Pass;Pass;Pass
174;174;Dropout;Dropout;Dropout;Dropout;Dropout;Dropout;Dropout;Dropout;Dropout;Dropout;Dropout;Dropout;Dropout;Dropout;Dropout;Dropout;Dropout;Dropout;Dropout;Dropout;Dropout;Dropout;Dropout;Dropout;Dropout;Dropout;Dropout;Dropout;Dropout
175;175;Dropout;Dropout;Dropout;Dropout;Dropout;Dropout;Dropout;Dropout;Dropout;Dropout;Dropout;Dropout;Dropout;Dropout;Dropout;Dropout;Dropout;Dropout;Dropout;Dropout;Dropout;Dropout;Dropout;Dropout;Dropout;Dropout;Dropout;Dropout;Dropout
176;176;Dropout;Dropout;Dropout;Dropout;Dropout;Dropout;Dropout;Dropout;Dropout;Dropout;Dropout;Dropout;Dropout;Dropout;Dropout;Dropout;Dropout;Dropout;Dropout;Dropout;Dropout;Dropout;Dropout;Dropout;Dropout;Dropout;Dropout;Dropout;Dropout
177;177;Pass;Pass;Pass;Pass;Pass;Pass;Pass;Pass;Pass;Pass;Pass;Pass;Pass;Pass;Pass;Pass;Pass;Pass;Pass;Pass;Pass;Pass;Pass;Pass;Pass;Pass;Pass;Pass;Pass
178;178;Pass;Pass;Pass;Pass;Pass;Pass;Pass;Pass;Pass;Pass;Pass;Pass;Pass;Pass;Pass;Pass;Pass;Pass;Pass;Pass;Pass;Pass;Pass;Pass;Pass;Pass;Pass;Pass;Pass
179;179;Pass;Pass;Pass;Pass;Pass;Pass;Pass;Pass;Pass;Pass;Pass;Pass;Pass;Pass;Pass;Pass;Pass;Pass;Pass;Pass;Pass;Pass;Pass;Pass;Pass;Pass;Pass;Pass;Pass
180;180;Dropout;Dropout;Dropout;Dropout;Dropout;Dropout;Dropout;Dropout;Dropout;Dropout;Dropout;Dropout;Dropout;Dropout;Dropout;Dropout;Dropout;Dropout;Dropout;Dropout;Dropout;Dropout;Dropout;Dropout;Dropout;Dropout;Dropout;Dropout;Dropout
181;181;Pass;Pass;Pass;Pass;Pass;Pass;Pass;Pass;Pass;Pass;Pass;Pass;Pass;Pass;Pass;Pass;Pass;Pass;Pass;Pass;Pass;Pass;Pass;Pass;Pass;Pass;Pass;Pass;Pass
182;182;Pass;Pass;Pass;Pass;Pass;Pass;Pass;Pass;Pass;Pass;Pass;Pass;Pass;Pass;Pass;Pass;Pass;Pass;Pass;Pass;Pass;Pass;Pass;Pass;Pass;Pass;Pass;Pass;Pass
183;183;Pass;Pass;Pass;Pass;Pass;Pass;Pass;Pass;Pass;Pass;Pass;Pass;Pass;Pass;Pass;Pass;Pass;Pass;Pass;Pass;Pass;Pass;Pass;Pass;Pass;Pass;Pass;Pass;Pass
184;184;Dropout;Dropout;Dropout;Dropout;Dropout;Dropout;Dropout;Dropout;Dropout;Dropout;Dropout;Dropout;Dropout;Dropout;Dropout;Dropout;Dropout;Dropout;Dropout;Dropout;Dropout;Dropout;Dropout;Dropout;Dropout;Dropout;Dropout;Dropout;Dropout
185;185;Dropout;Dropout;Dropout;Dropout;Dropout;Dropout;Dropout;Dropout;Dropout;Dropout;Dropout;Dropout;Dropout;Dropout;Dropout;Dropout;Dropout;Dropout;Dropout;Dropout;Dropout;Dropout;Dropout;Dropout;Dropout;Dropout;Dropout;Dropout;Dropout
186;186;Pass;Pass;Pass;Pass;Pass;Pass;Pass;Pass;Pass;Pass;Pass;Pass;Pass;Pass;Pass;Pass;Pass;Pass;Pass;Pass;Pass;Pass;Pass;Pass;Pass;Pass;Pass;Pass;Pass
187;187;Dropout;Dropout;Dropout;Dropout;Dropout;Dropout;Dropout;Dropout;Pass;Pass;Pass;Pass;Pass;Pass;Dropout;Pass;Pass;Pass;Pass;Pass;Pass;Pass;Pass;Pass;Pass;Pass;Pass;Dropout;Pass
188;188;Pass;Pass;Pass;Pass;Pass;Pass;Pass;Pass;Pass;Pass;Pass;Pass;Pass;Pass;Pass;Pass;Pass;Pass;Dropout;Dropout;Dropout;Dropout;Dropout;Dropout;Dropout;Dropout;Dropout;Dropout;Dropout
189;189;Pass;Pass;Pass;Pass;Pass;Pass;Pass;Pass;Pass;Pass;Pass;Pass;Pass;Pass;Pass;Pass;Pass;Pass;Pass;Pass;Pass;Pass;Pass;Pass;Pass;Pass;Pass;Pass;Pass
190;190;Pass;Pass;Pass;Pass;Pass;Pass;Pass;Pass;Pass;Pass;Pass;Pass;Pass;Pass;Pass;Pass;Pass;Pass;Pass;Pass;Pass;Pass;Pass;Pass;Pass;Pass;Pass;Pass;Pass
191;191;Pass;Pass;Pass;Pass;Pass;Pass;Pass;Pass;Pass;Pass;Pass;Pass;Pass;Pass;Pass;Pass;Pass;Pass;Pass;Pass;Pass;Pass;Pass;Pass;Pass;Pass;Pass;Pass;Pass
192;192;Dropout;Dropout;Dropout;Dropout;Dropout;Dropout;Dropout;Dropout;Dropout;Dropout;Dropout;Dropout;Dropout;Dropout;Dropout;Dropout;Dropout;Dropout;Dropout;Dropout;Dropout;Dropout;Dropout;Dropout;Dropout;Dropout;Dropout;Dropout;Dropout
193;193;Pass;Pass;Pass;Pass;Pass;Pass;Pass;Pass;Pass;Pass;Pass;Pass;Pass;Pass;Pass;Pass;Pass;Pass;Pass;Pass;Pass;Pass;Pass;Pass;Pass;Pass;Pass;Pass;Pass
194;194;Pass;Pass;Pass;Pass;Pass;Pass;Pass;Pass;Pass;Pass;Pass;Pass;Pass;Pass;Pass;Pass;Pass;Pass;Pass;Pass;Pass;Pass;Pass;Pass;Pass;Pass;Pass;Pass;Pass
195;195;Dropout;Dropout;Dropout;Dropout;Dropout;Dropout;Dropout;Dropout;Dropout;Dropout;Dropout;Dropout;Dropout;Dropout;Pass;Pass;Pass;Pass;Pass;Pass;Dropout;Dropout;Dropout;Dropout;Dropout;Dropout;Dropout;Dropout;Dropout
196;196;Pass;Pass;Pass;Pass;Pass;Pass;Pass;Pass;Pass;Pass;Pass;Pass;Pass;Pass;Pass;Pass;Pass;Pass;Pass;Pass;Pass;Pass;Pass;Pass;Pass;Pass;Pass;Pass;Pass
197;197;Dropout;Dropout;Dropout;Dropout;Dropout;Dropout;Dropout;Dropout;Dropout;Dropout;Dropout;Dropout;Dropout;Dropout;Dropout;Dropout;Dropout;Dropout;Dropout;Dropout;Dropout;Dropout;Dropout;Dropout;Dropout;Dropout;Dropout;Dropout;Dropout
198;198;Pass;Pass;Pass;Pass;Pass;Pass;Pass;Pass;Fail;Fail;Fail;Fail;Fail;Fail;Dropout;Dropout;Dropout;Dropout;Dropout;Dropout;Pass;Pass;Pass;Pass;Pass;Pass;Pass;Pass;Pass
199;199;Dropout;Dropout;Dropout;Dropout;Dropout;Dropout;Dropout;Dropout;Dropout;Dropout;Dropout;Dropout;Dropout;Dropout;Dropout;Dropout;Dropout;Dropout;Dropout;Dropout;Dropout;Dropout;Dropout;Dropout;Dropout;Dropout;Dropout;Dropout;Dropout
