code_student;0;1;2;3;4;5;6;7;8;9;10;11;12;13;14;15;16;17;18;19;20;21;22;23;24;25;26;27;28;29
1;11;;;;;;;;;;;;;;;;;;;;;;;;;;;;;
2;206;;;;;;;;;;;;;;;;;;;;;;;;;;;;;
3;113;;;;;;;;;;;;;;;;;;;;;;;;;;;;;
4;38;;;;;;;;;;;;;;;;;;;;;;;;;;;;;
5;284;;;;;;;;;;;;;;;;;;;;;;;;;;;;;
6;565;;;;;;;;;;;;;;;;;;;;;;;;;;;;;
7;208;;;;;;;;;;;;;;;;;;;;;;;;;;;;;
8;421;;;;;;;;;;;;;;;;;;;;;;;;;;;;;
9;2617;;;;;;;;;;;;;;;;;;;;;;;;;;;;;
10;10;;;;;;;;;;;;;;;;;;;;;;;;;;;;;
12;1967;;;;;;;;;;;;;;;;;;;;;;;;;;;;;
13;13;;;;;;;;;;;;;;;;;;;;;;;;;;;;;
14;918;;;;;;;;;;;;;;;;;;;;;;;;;;;;;
15;3;;;;;;;;;;;;;;;;;;;;;;;;;;;;;
16;124;;;;;;;;;;;;;;;;;;;;;;;;;;;;;
17;119;;;;;;;;;;;;;;;;;;;;;;;;;;;;;
19;40;;;;;;;;;;;;;;;;;;;;;;;;;;;;;
20;64;;;;;;;;;;;;;;;;;;;;;;;;;;;;;
21;745;;;;;;;;;;;;;;;;;;;;;;;;;;;;;
22;128;;;;;;;;;;;;;;;;;;;;;;;;;;;;;
23;873;;;;;;;;;;;;;;;;;;;;;;;;;;;;;
24;69;;;;;;;;;;;;;;;;;;;;;;;;;;;;;
25;39;;;;;;;;;;;;;;;;;;;;;;;;;;;;;
26;143;;;;;;;;;;;;;;;;;;;;;;;;;;;;;
27;385;;;;;;;;;;;;;;;;;;;;;;;;;;;;;
29;1062;;;;;;;;;;;;;;;;;;;;;;;;;;;;;
30;45;;;;;;;;;;;;;;;;;;;;;;;;;;;;;
31;937;;;;;;;;;;;;;;;;;;;;;;;;;;;;;
32;231;;;;;;;;;;;;;;;;;;;;;;;;;;;;;
33;26;;;;;;;;;;;;;;;;;;;;;;;;;;;;;
34;288;;;;;;;;;;;;;;;;;;;;;;;;;;;;;
35;223;;;;;;;;;;;;;;;;;;;;;;;;;;;;;
36;164;;;;;;;;;;;;;;;;;;;;;;;;;;;;;
37;61;;;;;;;;;;;;;;;;;;;;;;;;;;;;;
38;611;;;;;;;;;;;;;;;;;;;;;;;;;;;;;
40;81;;;;;;;;;;;;;;;;;;;;;;;;;;;;;
41;111;;;;;;;;;;;;;;;;;;;;;;;;;;;;;
42;109;;;;;;;;;;;;;;;;;;;;;;;;;;;;;
44;104;;;;;;;;;;;;;;;;;;;;;;;;;;;;;
46;306;;;;;;;;;;;;;;;;;;;;;;;;;;;;;
47;317;;;;;;;;;;;;;;;;;;;;;;;;;;;;;
49;356;;;;;;;;;;;;;;;;;;;;;;;;;;;;;
50;430;;;;;;;;;;;;;;;;;;;;;;;;;;;;;
51;496;;;;;;;;;;;;;;;;;;;;;;;;;;;;;
52;25;;;;;;;;;;;;;;;;;;;;;;;;;;;;;
53;536;;;;;;;;;;;;;;;;;;;;;;;;;;;;;
54;32;;;;;;;;;;;;;;;;;;;;;;;;;;;;;
55;219;;;;;;;;;;;;;;;;;;;;;;;;;;;;;
56;54;;;;;;;;;;;;;;;;;;;;;;;;;;;;;
57;745;;;;;;;;;;;;;;;;;;;;;;;;;;;;;
58;804;;;;;;;;;;;;;;;;;;;;;;;;;;;;;
59;37;;;;;;;;;;;;;;;;;;;;;;;;;;;;;
60;378;;;;;;;;;;;;;;;;;;;;;;;;;;;;;
61;77;;;;;;;;;;;;;;;;;;;;;;;;;;;;;
62;1006;;;;;;;;;;;;;;;;;;;;;;;;;;;;;
63;10;;;;;;;;;;;;;;;;;;;;;;;;;;;;;
64;467;;;;;;;;;;;;;;;;;;;;;;;;;;;;;
65;37;;;;;;;;;;;;;;;;;;;;;;;;;;;;;
66;221;;;;;;;;;;;;;;;;;;;;;;;;;;;;;
67;3727;;;;;;;;;;;;;;;;;;;;;;;;;;;;;
68;1876;;;;;;;;;;;;;;;;;;;;;;;;;;;;;
69;154;;;;;;;;;;;;;;;;;;;;;;;;;;;;;
70;51;;;;;;;;;;;;;;;;;;;;;;;;;;;;;
71;109;;;;;;;;;;;;;;;;;;;;;;;;;;;;;
72;739;;;;;;;;;;;;;;;;;;;;;;;;;;;;;
74;264;;;;;;;;;;;;;;;;;;;;;;;;;;;;;
75;250;;;;;;;;;;;;;;;;;;;;;;;;;;;;;
77;181;;;;;;;;;;;;;;;;;;;;;;;;;;;;;
78;229;;;;;;;;;;;;;;;;;;;;;;;;;;;;;
79;9;;;;;;;;;;;;;;;;;;;;;;;;;;;;;
80;144;;;;;;;;;;;;;;;;;;;;;;;;;;;;;
81;8;;;;;;;;;;;;;;;;;;;;;;;;;;;;;
82;590;;;;;;;;;;;;;;;;;;;;;;;;;;;;;
83;77;;;;;;;;;;;;;;;;;;;;;;;;;;;;;
84;146;;;;;;;;;;;;;;;;;;;;;;;;;;;;;
85;143;;;;;;;;;;;;;;;;;;;;;;;;;;;;;
86;67;;;;;;;;;;;;;;;;;;;;;;;;;;;;;
87;150;;;;;;;;;;;;;;;;;;;;;;;;;;;;;
88;329;;;;;;;;;;;;;;;;;;;;;;;;;;;;;
89;359;;;;;;;;;;;;;;;;;;;;;;;;;;;;;
91;42;;;;;;;;;;;;;;;;;;;;;;;;;;;;;
92;48;;;;;;;;;;;;;;;;;;;;;;;;;;;;;
93;101;;;;;;;;;;;;;;;;;;;;;;;;;;;;;
94;166;;;;;;;;;;;;;;;;;;;;;;;;;;;;;
95;566;;;;;;;;;;;;;;;;;;;;;;;;;;;;;
96;480;;;;;;;;;;;;;;;;;;;;;;;;;;;;;
98;38;;;;;;;;;;;;;;;;;;;;;;;;;;;;;
100;1486;;;;;;;;;;;;;;;;;;;;;;;;;;;;;
101;14;;;;;;;;;;;;;;;;;;;;;;;;;;;;;
102;437;;;;;;;;;;;;;;;;;;;;;;;;;;;;;
104;707;;;;;;;;;;;;;;;;;;;;;;;;;;;;;
105;625;;;;;;;;;;;;;;;;;;;;;;;;;;;;;
106;347;;;;;;;;;;;;;;;;;;;;;;;;;;;;;
107;141;;;;;;;;;;;;;;;;;;;;;;;;;;;;;
110;60;;;;;;;;;;;;;;;;;;;;;;;;;;;;;
111;693;;;;;;;;;;;;;;;;;;;;;;;;;;;;;
114;229;;;;;;;;;;;;;;;;;;;;;;;;;;;;;
115;606;;;;;;;;;;;;;;;;;;;;;;;;;;;;;
116;206;;;;;;;;;;;;;;;;;;;;;;;;;;;;;
117;20;;;;;;;;;;;;;;;;;;;;;;;;;;;;;
118;69;;;;;;;;;;;;;;;;;;;;;;;;;;;;;
120;68;;;;;;;;;;;;;;;;;;;;;;;;;;;;;
121;971;;;;;;;;;;;;;;;;;;;;;;;;;;;;;
123;58;;;;;;;;;;;;;;;;;;;;;;;;;;;;;
125;206;;;;;;;;;;;;;;;;;;;;;;;;;;;;;
126;1;;;;;;;;;;;;;;;;;;;;;;;;;;;;;
127;577;;;;;;;;;;;;;;;;;;;;;;;;;;;;;
129;3;;;;;;;;;;;;;;;;;;;;;;;;;;;;;
130;26;;;;;;;;;;;;;;;;;;;;;;;;;;;;;
131;193;;;;;;;;;;;;;;;;;;;;;;;;;;;;;
134;34;;;;;;;;;;;;;;;;;;;;;;;;;;;;;
135;50;;;;;;;;;;;;;;;;;;;;;;;;;;;;;
136;35;;;;;;;;;;;;;;;;;;;;;;;;;;;;;
137;88;;;;;;;;;;;;;;;;;;;;;;;;;;;;;
138;160;;;;;;;;;;;;;;;;;;;;;;;;;;;;;
139;478;;;;;;;;;;;;;;;;;;;;;;;;;;;;;
140;540;;;;;;;;;;;;;;;;;;;;;;;;;;;;;
141;26;;;;;;;;;;;;;;;;;;;;;;;;;;;;;
142;428;;;;;;;;;;;;;;;;;;;;;;;;;;;;;
143;5;;;;;;;;;;;;;;;;;;;;;;;;;;;;;
144;144;;;;;;;;;;;;;;;;;;;;;;;;;;;;;
145;696;;;;;;;;;;;;;;;;;;;;;;;;;;;;;
146;389;;;;;;;;;;;;;;;;;;;;;;;;;;;;;
147;271;;;;;;;;;;;;;;;;;;;;;;;;;;;;;
148;585;;;;;;;;;;;;;;;;;;;;;;;;;;;;;
149;34;;;;;;;;;;;;;;;;;;;;;;;;;;;;;
151;186;;;;;;;;;;;;;;;;;;;;;;;;;;;;;
153;28;;;;;;;;;;;;;;;;;;;;;;;;;;;;;
154;422;;;;;;;;;;;;;;;;;;;;;;;;;;;;;
155;609;;;;;;;;;;;;;;;;;;;;;;;;;;;;;
156;366;;;;;;;;;;;;;;;;;;;;;;;;;;;;;
157;313;;;;;;;;;;;;;;;;;;;;;;;;;;;;;
158;17;;;;;;;;;;;;;;;;;;;;;;;;;;;;;
159;89;;;;;;;;;;;;;;;;;;;;;;;;;;;;;
160;365;;;;;;;;;;;;;;;;;;;;;;;;;;;;;
162;97;;;;;;;;;;;;;;;;;;;;;;;;;;;;;
163;164;;;;;;;;;;;;;;;;;;;;;;;;;;;;;
164;871;;;;;;;;;;;;;;;;;;;;;;;;;;;;;
165;63;;;;;;;;;;;;;;;;;;;;;;;;;;;;;
166;262;;;;;;;;;;;;;;;;;;;;;;;;;;;;;
167;218;;;;;;;;;;;;;;;;;;;;;;;;;;;;;
168;23;;;;;;;;;;;;;;;;;;;;;;;;;;;;;
169;3;;;;;;;;;;;;;;;;;;;;;;;;;;;;;
170;197;;;;;;;;;;;;;;;;;;;;;;;;;;;;;
172;232;;;;;;;;;;;;;;;;;;;;;;;;;;;;;
173;153;;;;;;;;;;;;;;;;;;;;;;;;;;;;;
174;139;;;;;;;;;;;;;;;;;;;;;;;;;;;;;
176;476;;;;;;;;;;;;;;;;;;;;;;;;;;;;;
177;18;;;;;;;;;;;;;;;;;;;;;;;;;;;;;
178;655;;;;;;;;;;;;;;;;;;;;;;;;;;;;;
179;742;;;;;;;;;;;;;;;;;;;;;;;;;;;;;
180;173;;;;;;;;;;;;;;;;;;;;;;;;;;;;;
181;60;;;;;;;;;;;;;;;;;;;;;;;;;;;;;
182;41;;;;;;;;;;;;;;;;;;;;;;;;;;;;;
183;3;;;;;;;;;;;;;;;;;;;;;;;;;;;;;
184;141;;;;;;;;;;;;;;;;;;;;;;;;;;;;;
185;204;;;;;;;;;;;;;;;;;;;;;;;;;;;;;
186;20;;;;;;;;;;;;;;;;;;;;;;;;;;;;;
187;48;;;;;;;;;;;;;;;;;;;;;;;;;;;;;
188;172;;;;;;;;;;;;;;;;;;;;;;;;;;;;;
189;15;;;;;;;;;;;;;;;;;;;;;;;;;;;;;
191;479;;;;;;;;;;;;;;;;;;;;;;;;;;;;;
192;132;;;;;;;;;;;;;;;;;;;;;;;;;;;;;
193;321;;;;;;;;;;;;;;;;;;;;;;;;;;;;;
194;125;;;;;;;;;;;;;;;;;;;;;;;;;;;;;
195;37;;;;;;;;;;;;;;;;;;;;;;;;;;;;;
196;86;;;;;;;;;;;;;;;;;;;;;;;;;;;;;
197;220;;;;;;;;;;;;;;;;;;;;;;;;;;;;;
198;53;;;;;;;;;;;;;;;;;;;;;;;;;;;;;
199;29;;;;;;;;;;;;;;;;;;;;;;;;;;;;;
200;147;;;;;;;;;;;;;;;;;;;;;;;;;;;;;
201;250;;;;;;;;;;;;;;;;;;;;;;;;;;;;;
202;36;;;;;;;;;;;;;;;;;;;;;;;;;;;;;
203;3962;;;;;;;;;;;;;;;;;;;;;;;;;;;;;
204;521;;;;;;;;;;;;;;;;;;;;;;;;;;;;;
205;78;;;;;;;;;;;;;;;;;;;;;;;;;;;;;
206;125;;;;;;;;;;;;;;;;;;;;;;;;;;;;;
207;76;;;;;;;;;;;;;;;;;;;;;;;;;;;;;
208;211;;;;;;;;;;;;;;;;;;;;;;;;;;;;;
210;628;;;;;;;;;;;;;;;;;;;;;;;;;;;;;
212;16;;;;;;;;;;;;;;;;;;;;;;;;;;;;;
214;9;;;;;;;;;;;;;;;;;;;;;;;;;;;;;
215;40;;;;;;;;;;;;;;;;;;;;;;;;;;;;;
216;50;;;;;;;;;;;;;;;;;;;;;;;;;;;;;
218;2772;;;;;;;;;;;;;;;;;;;;;;;;;;;;;
219;483;;;;;;;;;;;;;;;;;;;;;;;;;;;;;
220;237;;;;;;;;;;;;;;;;;;;;;;;;;;;;;
222;76;;;;;;;;;;;;;;;;;;;;;;;;;;;;;
223;411;;;;;;;;;;;;;;;;;;;;;;;;;;;;;
224;287;;;;;;;;;;;;;;;;;;;;;;;;;;;;;
225;356;;;;;;;;;;;;;;;;;;;;;;;;;;;;;
226;163;;;;;;;;;;;;;;;;;;;;;;;;;;;;;
227;114;;;;;;;;;;;;;;;;;;;;;;;;;;;;;
228;13;;;;;;;;;;;;;;;;;;;;;;;;;;;;;
229;58;;;;;;;;;;;;;;;;;;;;;;;;;;;;;
230;93;;;;;;;;;;;;;;;;;;;;;;;;;;;;;
231;4;;;;;;;;;;;;;;;;;;;;;;;;;;;;;
232;104;;;;;;;;;;;;;;;;;;;;;;;;;;;;;
233;766;;;;;;;;;;;;;;;;;;;;;;;;;;;;;
234;444;;;;;;;;;;;;;;;;;;;;;;;;;;;;;
235;290;;;;;;;;;;;;;;;;;;;;;;;;;;;;;
236;7;;;;;;;;;;;;;;;;;;;;;;;;;;;;;
237;171;;;;;;;;;;;;;;;;;;;;;;;;;;;;;
238;519;;;;;;;;;;;;;;;;;;;;;;;;;;;;;
239;74;;;;;;;;;;;;;;;;;;;;;;;;;;;;;
240;141;;;;;;;;;;;;;;;;;;;;;;;;;;;;;
242;99;;;;;;;;;;;;;;;;;;;;;;;;;;;;;
243;163;;;;;;;;;;;;;;;;;;;;;;;;;;;;;
244;987;;;;;;;;;;;;;;;;;;;;;;;;;;;;;
245;120;;;;;;;;;;;;;;;;;;;;;;;;;;;;;
246;188;;;;;;;;;;;;;;;;;;;;;;;;;;;;;
248;69;;;;;;;;;;;;;;;;;;;;;;;;;;;;;
249;464;;;;;;;;;;;;;;;;;;;;;;;;;;;;;
250;419;;;;;;;;;;;;;;;;;;;;;;;;;;;;;
251;77;;;;;;;;;;;;;;;;;;;;;;;;;;;;;
252;226;;;;;;;;;;;;;;;;;;;;;;;;;;;;;
253;153;;;;;;;;;;;;;;;;;;;;;;;;;;;;;
254;115;;;;;;;;;;;;;;;;;;;;;;;;;;;;;
256;966;;;;;;;;;;;;;;;;;;;;;;;;;;;;;
257;112;;;;;;;;;;;;;;;;;;;;;;;;;;;;;
258;392;;;;;;;;;;;;;;;;;;;;;;;;;;;;;
259;604;;;;;;;;;;;;;;;;;;;;;;;;;;;;;
260;102;;;;;;;;;;;;;;;;;;;;;;;;;;;;;
261;1408;;;;;;;;;;;;;;;;;;;;;;;;;;;;;
262;116;;;;;;;;;;;;;;;;;;;;;;;;;;;;;
263;72;;;;;;;;;;;;;;;;;;;;;;;;;;;;;
264;593;;;;;;;;;;;;;;;;;;;;;;;;;;;;;
265;185;;;;;;;;;;;;;;;;;;;;;;;;;;;;;
266;433;;;;;;;;;;;;;;;;;;;;;;;;;;;;;
267;724;;;;;;;;;;;;;;;;;;;;;;;;;;;;;
268;567;;;;;;;;;;;;;;;;;;;;;;;;;;;;;
270;1531;;;;;;;;;;;;;;;;;;;;;;;;;;;;;
271;100;;;;;;;;;;;;;;;;;;;;;;;;;;;;;
272;235;;;;;;;;;;;;;;;;;;;;;;;;;;;;;
274;2539;;;;;;;;;;;;;;;;;;;;;;;;;;;;;
275;138;;;;;;;;;;;;;;;;;;;;;;;;;;;;;
276;290;;;;;;;;;;;;;;;;;;;;;;;;;;;;;
277;355;;;;;;;;;;;;;;;;;;;;;;;;;;;;;
278;439;;;;;;;;;;;;;;;;;;;;;;;;;;;;;
279;222;;;;;;;;;;;;;;;;;;;;;;;;;;;;;
281;432;;;;;;;;;;;;;;;;;;;;;;;;;;;;;
282;2;;;;;;;;;;;;;;;;;;;;;;;;;;;;;
283;746;;;;;;;;;;;;;;;;;;;;;;;;;;;;;
284;75;;;;;;;;;;;;;;;;;;;;;;;;;;;;;
285;200;;;;;;;;;;;;;;;;;;;;;;;;;;;;;
286;29;;;;;;;;;;;;;;;;;;;;;;;;;;;;;
287;70;;;;;;;;;;;;;;;;;;;;;;;;;;;;;
288;178;;;;;;;;;;;;;;;;;;;;;;;;;;;;;
289;148;;;;;;;;;;;;;;;;;;;;;;;;;;;;;
292;420;;;;;;;;;;;;;;;;;;;;;;;;;;;;;
293;72;;;;;;;;;;;;;;;;;;;;;;;;;;;;;
294;17;;;;;;;;;;;;;;;;;;;;;;;;;;;;;
295;197;;;;;;;;;;;;;;;;;;;;;;;;;;;;;
296;2281;;;;;;;;;;;;;;;;;;;;;;;;;;;;;
297;8;;;;;;;;;;;;;;;;;;;;;;;;;;;;;
298;94;;;;;;;;;;;;;;;;;;;;;;;;;;;;;
299;74;;;;;;;;;;;;;;;;;;;;;;;;;;;;;
300;99;;;;;;;;;;;;;;;;;;;;;;;;;;;;;
301;217;;;;;;;;;;;;;;;;;;;;;;;;;;;;;
302;943;;;;;;;;;;;;;;;;;;;;;;;;;;;;;
304;224;;;;;;;;;;;;;;;;;;;;;;;;;;;;;
306;159;;;;;;;;;;;;;;;;;;;;;;;;;;;;;
308;191;;;;;;;;;;;;;;;;;;;;;;;;;;;;;
309;161;;;;;;;;;;;;;;;;;;;;;;;;;;;;;
310;287;;;;;;;;;;;;;;;;;;;;;;;;;;;;;
311;14;;;;;;;;;;;;;;;;;;;;;;;;;;;;;
312;664;;;;;;;;;;;;;;;;;;;;;;;;;;;;;
313;170;;;;;;;;;;;;;;;;;;;;;;;;;;;;;
314;342;;;;;;;;;;;;;;;;;;;;;;;;;;;;;
315;233;;;;;;;;;;;;;;;;;;;;;;;;;;;;;
316;223;;;;;;;;;;;;;;;;;;;;;;;;;;;;;
317;2109;;;;;;;;;;;;;;;;;;;;;;;;;;;;;
318;325;;;;;;;;;;;;;;;;;;;;;;;;;;;;;
320;229;;;;;;;;;;;;;;;;;;;;;;;;;;;;;
322;122;;;;;;;;;;;;;;;;;;;;;;;;;;;;;
323;81;;;;;;;;;;;;;;;;;;;;;;;;;;;;;
324;226;;;;;;;;;;;;;;;;;;;;;;;;;;;;;
325;305;;;;;;;;;;;;;;;;;;;;;;;;;;;;;
327;180;;;;;;;;;;;;;;;;;;;;;;;;;;;;;
328;213;;;;;;;;;;;;;;;;;;;;;;;;;;;;;
330;27;;;;;;;;;;;;;;;;;;;;;;;;;;;;;
331;40;;;;;;;;;;;;;;;;;;;;;;;;;;;;;
332;1;;;;;;;;;;;;;;;;;;;;;;;;;;;;;
333;113;;;;;;;;;;;;;;;;;;;;;;;;;;;;;
335;1177;;;;;;;;;;;;;;;;;;;;;;;;;;;;;
337;915;;;;;;;;;;;;;;;;;;;;;;;;;;;;;
338;10;;;;;;;;;;;;;;;;;;;;;;;;;;;;;
339;12;;;;;;;;;;;;;;;;;;;;;;;;;;;;;
340;627;;;;;;;;;;;;;;;;;;;;;;;;;;;;;
341;478;;;;;;;;;;;;;;;;;;;;;;;;;;;;;
344;425;;;;;;;;;;;;;;;;;;;;;;;;;;;;;
345;550;;;;;;;;;;;;;;;;;;;;;;;;;;;;;
346;355;;;;;;;;;;;;;;;;;;;;;;;;;;;;;
347;404;;;;;;;;;;;;;;;;;;;;;;;;;;;;;
348;495;;;;;;;;;;;;;;;;;;;;;;;;;;;;;
350;547;;;;;;;;;;;;;;;;;;;;;;;;;;;;;
351;68;;;;;;;;;;;;;;;;;;;;;;;;;;;;;
352;290;;;;;;;;;;;;;;;;;;;;;;;;;;;;;
353;94;;;;;;;;;;;;;;;;;;;;;;;;;;;;;
354;220;;;;;;;;;;;;;;;;;;;;;;;;;;;;;
355;29;;;;;;;;;;;;;;;;;;;;;;;;;;;;;
356;3103;;;;;;;;;;;;;;;;;;;;;;;;;;;;;
357;146;;;;;;;;;;;;;;;;;;;;;;;;;;;;;
358;161;;;;;;;;;;;;;;;;;;;;;;;;;;;;;
359;94;;;;;;;;;;;;;;;;;;;;;;;;;;;;;
361;42;;;;;;;;;;;;;;;;;;;;;;;;;;;;;
362;4;;;;;;;;;;;;;;;;;;;;;;;;;;;;;
364;21;;;;;;;;;;;;;;;;;;;;;;;;;;;;;
365;147;;;;;;;;;;;;;;;;;;;;;;;;;;;;;
366;10;;;;;;;;;;;;;;;;;;;;;;;;;;;;;
367;220;;;;;;;;;;;;;;;;;;;;;;;;;;;;;
368;262;;;;;;;;;;;;;;;;;;;;;;;;;;;;;
369;105;;;;;;;;;;;;;;;;;;;;;;;;;;;;;
370;193;;;;;;;;;;;;;;;;;;;;;;;;;;;;;
371;42;;;;;;;;;;;;;;;;;;;;;;;;;;;;;
372;259;;;;;;;;;;;;;;;;;;;;;;;;;;;;;
373;9;;;;;;;;;;;;;;;;;;;;;;;;;;;;;
374;97;;;;;;;;;;;;;;;;;;;;;;;;;;;;;
375;210;;;;;;;;;;;;;;;;;;;;;;;;;;;;;
376;465;;;;;;;;;;;;;;;;;;;;;;;;;;;;;
377;134;;;;;;;;;;;;;;;;;;;;;;;;;;;;;
379;244;;;;;;;;;;;;;;;;;;;;;;;;;;;;;
380;424;;;;;;;;;;;;;;;;;;;;;;;;;;;;;
381;220;;;;;;;;;;;;;;;;;;;;;;;;;;;;;
382;316;;;;;;;;;;;;;;;;;;;;;;;;;;;;;
383;416;;;;;;;;;;;;;;;;;;;;;;;;;;;;;
384;166;;;;;;;;;;;;;;;;;;;;;;;;;;;;;
385;683;;;;;;;;;;;;;;;;;;;;;;;;;;;;;
386;44;;;;;;;;;;;;;;;;;;;;;;;;;;;;;
387;826;;;;;;;;;;;;;;;;;;;;;;;;;;;;;
388;35;;;;;;;;;;;;;;;;;;;;;;;;;;;;;
389;5;;;;;;;;;;;;;;;;;;;;;;;;;;;;;
391;882;;;;;;;;;;;;;;;;;;;;;;;;;;;;;
392;22;;;;;;;;;;;;;;;;;;;;;;;;;;;;;
393;4;;;;;;;;;;;;;;;;;;;;;;;;;;;;;
394;92;;;;;;;;;;;;;;;;;;;;;;;;;;;;;
395;619;;;;;;;;;;;;;;;;;;;;;;;;;;;;;
396;3072;;;;;;;;;;;;;;;;;;;;;;;;;;;;;
397;1518;;;;;;;;;;;;;;;;;;;;;;;;;;;;;
399;287;;;;;;;;;;;;;;;;;;;;;;;;;;;;;
400;71;;;;;;;;;;;;;;;;;;;;;;;;;;;;;
402;287;;;;;;;;;;;;;;;;;;;;;;;;;;;;;
405;522;;;;;;;;;;;;;;;;;;;;;;;;;;;;;
406;6;;;;;;;;;;;;;;;;;;;;;;;;;;;;;
407;66;;;;;;;;;;;;;;;;;;;;;;;;;;;;;
408;385;;;;;;;;;;;;;;;;;;;;;;;;;;;;;
409;179;;;;;;;;;;;;;;;;;;;;;;;;;;;;;
410;225;;;;;;;;;;;;;;;;;;;;;;;;;;;;;
411;222;;;;;;;;;;;;;;;;;;;;;;;;;;;;;
412;97;;;;;;;;;;;;;;;;;;;;;;;;;;;;;
413;88;;;;;;;;;;;;;;;;;;;;;;;;;;;;;
415;163;;;;;;;;;;;;;;;;;;;;;;;;;;;;;
416;2;;;;;;;;;;;;;;;;;;;;;;;;;;;;;
417;137;;;;;;;;;;;;;;;;;;;;;;;;;;;;;
418;555;;;;;;;;;;;;;;;;;;;;;;;;;;;;;
419;37;;;;;;;;;;;;;;;;;;;;;;;;;;;;;
420;19;;;;;;;;;;;;;;;;;;;;;;;;;;;;;
421;117;;;;;;;;;;;;;;;;;;;;;;;;;;;;;
422;315;;;;;;;;;;;;;;;;;;;;;;;;;;;;;
423;152;;;;;;;;;;;;;;;;;;;;;;;;;;;;;
424;96;;;;;;;;;;;;;;;;;;;;;;;;;;;;;
425;326;;;;;;;;;;;;;;;;;;;;;;;;;;;;;
426;130;;;;;;;;;;;;;;;;;;;;;;;;;;;;;
427;11;;;;;;;;;;;;;;;;;;;;;;;;;;;;;
428;430;;;;;;;;;;;;;;;;;;;;;;;;;;;;;
429;69;;;;;;;;;;;;;;;;;;;;;;;;;;;;;
430;1;;;;;;;;;;;;;;;;;;;;;;;;;;;;;
431;276;;;;;;;;;;;;;;;;;;;;;;;;;;;;;
432;91;;;;;;;;;;;;;;;;;;;;;;;;;;;;;
433;150;;;;;;;;;;;;;;;;;;;;;;;;;;;;;
435;353;;;;;;;;;;;;;;;;;;;;;;;;;;;;;
436;76;;;;;;;;;;;;;;;;;;;;;;;;;;;;;
437;313;;;;;;;;;;;;;;;;;;;;;;;;;;;;;
439;525;;;;;;;;;;;;;;;;;;;;;;;;;;;;;
440;79;;;;;;;;;;;;;;;;;;;;;;;;;;;;;
441;275;;;;;;;;;;;;;;;;;;;;;;;;;;;;;
442;159;;;;;;;;;;;;;;;;;;;;;;;;;;;;;
443;140;;;;;;;;;;;;;;;;;;;;;;;;;;;;;
444;54;;;;;;;;;;;;;;;;;;;;;;;;;;;;;
445;145;;;;;;;;;;;;;;;;;;;;;;;;;;;;;
446;210;;;;;;;;;;;;;;;;;;;;;;;;;;;;;
447;81;;;;;;;;;;;;;;;;;;;;;;;;;;;;;
448;292;;;;;;;;;;;;;;;;;;;;;;;;;;;;;
450;339;;;;;;;;;;;;;;;;;;;;;;;;;;;;;
451;85;;;;;;;;;;;;;;;;;;;;;;;;;;;;;
452;5425;;;;;;;;;;;;;;;;;;;;;;;;;;;;;
453;149;;;;;;;;;;;;;;;;;;;;;;;;;;;;;
455;421;;;;;;;;;;;;;;;;;;;;;;;;;;;;;
457;672;;;;;;;;;;;;;;;;;;;;;;;;;;;;;
458;2;;;;;;;;;;;;;;;;;;;;;;;;;;;;;
459;192;;;;;;;;;;;;;;;;;;;;;;;;;;;;;
460;308;;;;;;;;;;;;;;;;;;;;;;;;;;;;;
461;298;;;;;;;;;;;;;;;;;;;;;;;;;;;;;
462;135;;;;;;;;;;;;;;;;;;;;;;;;;;;;;
463;505;;;;;;;;;;;;;;;;;;;;;;;;;;;;;
464;82;;;;;;;;;;;;;;;;;;;;;;;;;;;;;
465;123;;;;;;;;;;;;;;;;;;;;;;;;;;;;;
466;371;;;;;;;;;;;;;;;;;;;;;;;;;;;;;
467;380;;;;;;;;;;;;;;;;;;;;;;;;;;;;;
468;799;;;;;;;;;;;;;;;;;;;;;;;;;;;;;
469;536;;;;;;;;;;;;;;;;;;;;;;;;;;;;;
470;620;;;;;;;;;;;;;;;;;;;;;;;;;;;;;
471;146;;;;;;;;;;;;;;;;;;;;;;;;;;;;;
472;455;;;;;;;;;;;;;;;;;;;;;;;;;;;;;
473;242;;;;;;;;;;;;;;;;;;;;;;;;;;;;;
474;361;;;;;;;;;;;;;;;;;;;;;;;;;;;;;
475;267;;;;;;;;;;;;;;;;;;;;;;;;;;;;;
476;265;;;;;;;;;;;;;;;;;;;;;;;;;;;;;
477;367;;;;;;;;;;;;;;;;;;;;;;;;;;;;;
478;1881;;;;;;;;;;;;;;;;;;;;;;;;;;;;;
479;18;;;;;;;;;;;;;;;;;;;;;;;;;;;;;
480;263;;;;;;;;;;;;;;;;;;;;;;;;;;;;;
481;678;;;;;;;;;;;;;;;;;;;;;;;;;;;;;
482;42;;;;;;;;;;;;;;;;;;;;;;;;;;;;;
483;389;;;;;;;;;;;;;;;;;;;;;;;;;;;;;
484;621;;;;;;;;;;;;;;;;;;;;;;;;;;;;;
485;669;;;;;;;;;;;;;;;;;;;;;;;;;;;;;
487;69;;;;;;;;;;;;;;;;;;;;;;;;;;;;;
488;254;;;;;;;;;;;;;;;;;;;;;;;;;;;;;
489;554;;;;;;;;;;;;;;;;;;;;;;;;;;;;;
490;825;;;;;;;;;;;;;;;;;;;;;;;;;;;;;
491;31;;;;;;;;;;;;;;;;;;;;;;;;;;;;;
492;255;;;;;;;;;;;;;;;;;;;;;;;;;;;;;
493;551;;;;;;;;;;;;;;;;;;;;;;;;;;;;;
494;77;;;;;;;;;;;;;;;;;;;;;;;;;;;;;
495;413;;;;;;;;;;;;;;;;;;;;;;;;;;;;;
496;192;;;;;;;;;;;;;;;;;;;;;;;;;;;;;
497;223;;;;;;;;;;;;;;;;;;;;;;;;;;;;;
498;283;;;;;;;;;;;;;;;;;;;;;;;;;;;;;
499;667;;;;;;;;;;;;;;;;;;;;;;;;;;;;;
501;530;;;;;;;;;;;;;;;;;;;;;;;;;;;;;
503;476;;;;;;;;;;;;;;;;;;;;;;;;;;;;;
504;13;;;;;;;;;;;;;;;;;;;;;;;;;;;;;
506;5;;;;;;;;;;;;;;;;;;;;;;;;;;;;;
507;490;;;;;;;;;;;;;;;;;;;;;;;;;;;;;
509;30;;;;;;;;;;;;;;;;;;;;;;;;;;;;;
510;60;;;;;;;;;;;;;;;;;;;;;;;;;;;;;
511;1123;;;;;;;;;;;;;;;;;;;;;;;;;;;;;
512;519;;;;;;;;;;;;;;;;;;;;;;;;;;;;;
513;745;;;;;;;;;;;;;;;;;;;;;;;;;;;;;
514;42;;;;;;;;;;;;;;;;;;;;;;;;;;;;;
515;179;;;;;;;;;;;;;;;;;;;;;;;;;;;;;
516;364;;;;;;;;;;;;;;;;;;;;;;;;;;;;;
517;841;;;;;;;;;;;;;;;;;;;;;;;;;;;;;
519;40;;;;;;;;;;;;;;;;;;;;;;;;;;;;;
522;39;;;;;;;;;;;;;;;;;;;;;;;;;;;;;
523;94;;;;;;;;;;;;;;;;;;;;;;;;;;;;;
524;40;;;;;;;;;;;;;;;;;;;;;;;;;;;;;
525;1688;;;;;;;;;;;;;;;;;;;;;;;;;;;;;
526;535;;;;;;;;;;;;;;;;;;;;;;;;;;;;;
527;284;;;;;;;;;;;;;;;;;;;;;;;;;;;;;
528;97;;;;;;;;;;;;;;;;;;;;;;;;;;;;;
529;9;;;;;;;;;;;;;;;;;;;;;;;;;;;;;
530;513;;;;;;;;;;;;;;;;;;;;;;;;;;;;;
531;120;;;;;;;;;;;;;;;;;;;;;;;;;;;;;
532;135;;;;;;;;;;;;;;;;;;;;;;;;;;;;;
534;56;;;;;;;;;;;;;;;;;;;;;;;;;;;;;
535;610;;;;;;;;;;;;;;;;;;;;;;;;;;;;;
537;76;;;;;;;;;;;;;;;;;;;;;;;;;;;;;
538;70;;;;;;;;;;;;;;;;;;;;;;;;;;;;;
539;373;;;;;;;;;;;;;;;;;;;;;;;;;;;;;
540;341;;;;;;;;;;;;;;;;;;;;;;;;;;;;;
541;28;;;;;;;;;;;;;;;;;;;;;;;;;;;;;
543;20;;;;;;;;;;;;;;;;;;;;;;;;;;;;;
545;7;;;;;;;;;;;;;;;;;;;;;;;;;;;;;
546;37;;;;;;;;;;;;;;;;;;;;;;;;;;;;;
547;210;;;;;;;;;;;;;;;;;;;;;;;;;;;;;
548;8;;;;;;;;;;;;;;;;;;;;;;;;;;;;;
549;469;;;;;;;;;;;;;;;;;;;;;;;;;;;;;
550;41;;;;;;;;;;;;;;;;;;;;;;;;;;;;;
551;35;;;;;;;;;;;;;;;;;;;;;;;;;;;;;
552;172;;;;;;;;;;;;;;;;;;;;;;;;;;;;;
553;160;;;;;;;;;;;;;;;;;;;;;;;;;;;;;
554;803;;;;;;;;;;;;;;;;;;;;;;;;;;;;;
555;69;;;;;;;;;;;;;;;;;;;;;;;;;;;;;
556;120;;;;;;;;;;;;;;;;;;;;;;;;;;;;;
557;142;;;;;;;;;;;;;;;;;;;;;;;;;;;;;
558;203;;;;;;;;;;;;;;;;;;;;;;;;;;;;;
560;98;;;;;;;;;;;;;;;;;;;;;;;;;;;;;
561;218;;;;;;;;;;;;;;;;;;;;;;;;;;;;;
562;150;;;;;;;;;;;;;;;;;;;;;;;;;;;;;
564;84;;;;;;;;;;;;;;;;;;;;;;;;;;;;;
565;24;;;;;;;;;;;;;;;;;;;;;;;;;;;;;
567;330;;;;;;;;;;;;;;;;;;;;;;;;;;;;;
568;207;;;;;;;;;;;;;;;;;;;;;;;;;;;;;
569;61;;;;;;;;;;;;;;;;;;;;;;;;;;;;;
570;262;;;;;;;;;;;;;;;;;;;;;;;;;;;;;
571;147;;;;;;;;;;;;;;;;;;;;;;;;;;;;;
572;985;;;;;;;;;;;;;;;;;;;;;;;;;;;;;
573;103;;;;;;;;;;;;;;;;;;;;;;;;;;;;;
574;6;;;;;;;;;;;;;;;;;;;;;;;;;;;;;
575;6;;;;;;;;;;;;;;;;;;;;;;;;;;;;;
576;599;;;;;;;;;;;;;;;;;;;;;;;;;;;;;
577;1920;;;;;;;;;;;;;;;;;;;;;;;;;;;;;
578;35;;;;;;;;;;;;;;;;;;;;;;;;;;;;;
579;77;;;;;;;;;;;;;;;;;;;;;;;;;;;;;
580;310;;;;;;;;;;;;;;;;;;;;;;;;;;;;;
581;10;;;;;;;;;;;;;;;;;;;;;;;;;;;;;
582;39;;;;;;;;;;;;;;;;;;;;;;;;;;;;;
583;261;;;;;;;;;;;;;;;;;;;;;;;;;;;;;
584;57;;;;;;;;;;;;;;;;;;;;;;;;;;;;;
585;47;;;;;;;;;;;;;;;;;;;;;;;;;;;;;
586;63;;;;;;;;;;;;;;;;;;;;;;;;;;;;;
587;25;;;;;;;;;;;;;;;;;;;;;;;;;;;;;
588;421;;;;;;;;;;;;;;;;;;;;;;;;;;;;;
589;67;;;;;;;;;;;;;;;;;;;;;;;;;;;;;
590;9301;;;;;;;;;;;;;;;;;;;;;;;;;;;;;
591;18;;;;;;;;;;;;;;;;;;;;;;;;;;;;;
593;1689;;;;;;;;;;;;;;;;;;;;;;;;;;;;;
594;48;;;;;;;;;;;;;;;;;;;;;;;;;;;;;
595;157;;;;;;;;;;;;;;;;;;;;;;;;;;;;;
596;4;;;;;;;;;;;;;;;;;;;;;;;;;;;;;
597;263;;;;;;;;;;;;;;;;;;;;;;;;;;;;;
598;1792;;;;;;;;;;;;;;;;;;;;;;;;;;;;;
599;83;;;;;;;;;;;;;;;;;;;;;;;;;;;;;
601;813;;;;;;;;;;;;;;;;;;;;;;;;;;;;;
602;452;;;;;;;;;;;;;;;;;;;;;;;;;;;;;
603;15;;;;;;;;;;;;;;;;;;;;;;;;;;;;;
604;155;;;;;;;;;;;;;;;;;;;;;;;;;;;;;
605;94;;;;;;;;;;;;;;;;;;;;;;;;;;;;;
606;59;;;;;;;;;;;;;;;;;;;;;;;;;;;;;
607;57;;;;;;;;;;;;;;;;;;;;;;;;;;;;;
608;318;;;;;;;;;;;;;;;;;;;;;;;;;;;;;
609;118;;;;;;;;;;;;;;;;;;;;;;;;;;;;;
610;669;;;;;;;;;;;;;;;;;;;;;;;;;;;;;
611;92;;;;;;;;;;;;;;;;;;;;;;;;;;;;;
612;36;;;;;;;;;;;;;;;;;;;;;;;;;;;;;
613;144;;;;;;;;;;;;;;;;;;;;;;;;;;;;;
614;2154;;;;;;;;;;;;;;;;;;;;;;;;;;;;;
615;546;;;;;;;;;;;;;;;;;;;;;;;;;;;;;
616;141;;;;;;;;;;;;;;;;;;;;;;;;;;;;;
617;1862;;;;;;;;;;;;;;;;;;;;;;;;;;;;;
618;14;;;;;;;;;;;;;;;;;;;;;;;;;;;;;
619;24;;;;;;;;;;;;;;;;;;;;;;;;;;;;;
621;25;;;;;;;;;;;;;;;;;;;;;;;;;;;;;
622;571;;;;;;;;;;;;;;;;;;;;;;;;;;;;;
624;223;;;;;;;;;;;;;;;;;;;;;;;;;;;;;
626;14;;;;;;;;;;;;;;;;;;;;;;;;;;;;;
627;527;;;;;;;;;;;;;;;;;;;;;;;;;;;;;
628;141;;;;;;;;;;;;;;;;;;;;;;;;;;;;;
630;46;;;;;;;;;;;;;;;;;;;;;;;;;;;;;
631;180;;;;;;;;;;;;;;;;;;;;;;;;;;;;;
632;380;;;;;;;;;;;;;;;;;;;;;;;;;;;;;
633;4;;;;;;;;;;;;;;;;;;;;;;;;;;;;;
634;25;;;;;;;;;;;;;;;;;;;;;;;;;;;;;
635;190;;;;;;;;;;;;;;;;;;;;;;;;;;;;;
636;3;;;;;;;;;;;;;;;;;;;;;;;;;;;;;
637;52;;;;;;;;;;;;;;;;;;;;;;;;;;;;;
638;795;;;;;;;;;;;;;;;;;;;;;;;;;;;;;
639;249;;;;;;;;;;;;;;;;;;;;;;;;;;;;;
640;155;;;;;;;;;;;;;;;;;;;;;;;;;;;;;
641;384;;;;;;;;;;;;;;;;;;;;;;;;;;;;;
642;208;;;;;;;;;;;;;;;;;;;;;;;;;;;;;
643;141;;;;;;;;;;;;;;;;;;;;;;;;;;;;;
644;376;;;;;;;;;;;;;;;;;;;;;;;;;;;;;
645;23;;;;;;;;;;;;;;;;;;;;;;;;;;;;;
646;167;;;;;;;;;;;;;;;;;;;;;;;;;;;;;
647;61;;;;;;;;;;;;;;;;;;;;;;;;;;;;;
648;196;;;;;;;;;;;;;;;;;;;;;;;;;;;;;
649;9;;;;;;;;;;;;;;;;;;;;;;;;;;;;;
650;229;;;;;;;;;;;;;;;;;;;;;;;;;;;;;
653;210;;;;;;;;;;;;;;;;;;;;;;;;;;;;;
654;589;;;;;;;;;;;;;;;;;;;;;;;;;;;;;
655;30;;;;;;;;;;;;;;;;;;;;;;;;;;;;;
656;51;;;;;;;;;;;;;;;;;;;;;;;;;;;;;
657;177;;;;;;;;;;;;;;;;;;;;;;;;;;;;;
659;236;;;;;;;;;;;;;;;;;;;;;;;;;;;;;
660;53;;;;;;;;;;;;;;;;;;;;;;;;;;;;;
662;254;;;;;;;;;;;;;;;;;;;;;;;;;;;;;
663;18;;;;;;;;;;;;;;;;;;;;;;;;;;;;;
665;365;;;;;;;;;;;;;;;;;;;;;;;;;;;;;
666;138;;;;;;;;;;;;;;;;;;;;;;;;;;;;;
667;114;;;;;;;;;;;;;;;;;;;;;;;;;;;;;
668;28;;;;;;;;;;;;;;;;;;;;;;;;;;;;;
669;1755;;;;;;;;;;;;;;;;;;;;;;;;;;;;;
670;284;;;;;;;;;;;;;;;;;;;;;;;;;;;;;
672;26;;;;;;;;;;;;;;;;;;;;;;;;;;;;;
673;540;;;;;;;;;;;;;;;;;;;;;;;;;;;;;
674;4;;;;;;;;;;;;;;;;;;;;;;;;;;;;;
675;39;;;;;;;;;;;;;;;;;;;;;;;;;;;;;
676;37;;;;;;;;;;;;;;;;;;;;;;;;;;;;;
677;419;;;;;;;;;;;;;;;;;;;;;;;;;;;;;
678;94;;;;;;;;;;;;;;;;;;;;;;;;;;;;;
679;11;;;;;;;;;;;;;;;;;;;;;;;;;;;;;
680;77;;;;;;;;;;;;;;;;;;;;;;;;;;;;;
681;28;;;;;;;;;;;;;;;;;;;;;;;;;;;;;
682;44;;;;;;;;;;;;;;;;;;;;;;;;;;;;;
684;161;;;;;;;;;;;;;;;;;;;;;;;;;;;;;
685;100;;;;;;;;;;;;;;;;;;;;;;;;;;;;;
686;103;;;;;;;;;;;;;;;;;;;;;;;;;;;;;
687;36;;;;;;;;;;;;;;;;;;;;;;;;;;;;;
689;711;;;;;;;;;;;;;;;;;;;;;;;;;;;;;
691;400;;;;;;;;;;;;;;;;;;;;;;;;;;;;;
692;107;;;;;;;;;;;;;;;;;;;;;;;;;;;;;
694;298;;;;;;;;;;;;;;;;;;;;;;;;;;;;;
695;128;;;;;;;;;;;;;;;;;;;;;;;;;;;;;
697;46;;;;;;;;;;;;;;;;;;;;;;;;;;;;;
698;2;;;;;;;;;;;;;;;;;;;;;;;;;;;;;
699;65;;;;;;;;;;;;;;;;;;;;;;;;;;;;;
700;137;;;;;;;;;;;;;;;;;;;;;;;;;;;;;
701;8;;;;;;;;;;;;;;;;;;;;;;;;;;;;;
702;380;;;;;;;;;;;;;;;;;;;;;;;;;;;;;
703;537;;;;;;;;;;;;;;;;;;;;;;;;;;;;;
705;173;;;;;;;;;;;;;;;;;;;;;;;;;;;;;
706;41;;;;;;;;;;;;;;;;;;;;;;;;;;;;;
707;55;;;;;;;;;;;;;;;;;;;;;;;;;;;;;
708;1420;;;;;;;;;;;;;;;;;;;;;;;;;;;;;
709;539;;;;;;;;;;;;;;;;;;;;;;;;;;;;;
710;385;;;;;;;;;;;;;;;;;;;;;;;;;;;;;
712;306;;;;;;;;;;;;;;;;;;;;;;;;;;;;;
713;227;;;;;;;;;;;;;;;;;;;;;;;;;;;;;
714;53;;;;;;;;;;;;;;;;;;;;;;;;;;;;;
715;16;;;;;;;;;;;;;;;;;;;;;;;;;;;;;
716;8;;;;;;;;;;;;;;;;;;;;;;;;;;;;;
717;897;;;;;;;;;;;;;;;;;;;;;;;;;;;;;
718;327;;;;;;;;;;;;;;;;;;;;;;;;;;;;;
720;138;;;;;;;;;;;;;;;;;;;;;;;;;;;;;
722;137;;;;;;;;;;;;;;;;;;;;;;;;;;;;;
723;80;;;;;;;;;;;;;;;;;;;;;;;;;;;;;
724;1162;;;;;;;;;;;;;;;;;;;;;;;;;;;;;
725;209;;;;;;;;;;;;;;;;;;;;;;;;;;;;;
726;2416;;;;;;;;;;;;;;;;;;;;;;;;;;;;;
727;281;;;;;;;;;;;;;;;;;;;;;;;;;;;;;
728;201;;;;;;;;;;;;;;;;;;;;;;;;;;;;;
729;180;;;;;;;;;;;;;;;;;;;;;;;;;;;;;
730;565;;;;;;;;;;;;;;;;;;;;;;;;;;;;;
731;757;;;;;;;;;;;;;;;;;;;;;;;;;;;;;
732;643;;;;;;;;;;;;;;;;;;;;;;;;;;;;;
733;877;;;;;;;;;;;;;;;;;;;;;;;;;;;;;
734;604;;;;;;;;;;;;;;;;;;;;;;;;;;;;;
735;245;;;;;;;;;;;;;;;;;;;;;;;;;;;;;
736;32;;;;;;;;;;;;;;;;;;;;;;;;;;;;;
737;205;;;;;;;;;;;;;;;;;;;;;;;;;;;;;
738;471;;;;;;;;;;;;;;;;;;;;;;;;;;;;;
739;266;;;;;;;;;;;;;;;;;;;;;;;;;;;;;
740;440;;;;;;;;;;;;;;;;;;;;;;;;;;;;;
741;498;;;;;;;;;;;;;;;;;;;;;;;;;;;;;
742;288;;;;;;;;;;;;;;;;;;;;;;;;;;;;;
743;16;;;;;;;;;;;;;;;;;;;;;;;;;;;;;
744;208;;;;;;;;;;;;;;;;;;;;;;;;;;;;;
745;22;;;;;;;;;;;;;;;;;;;;;;;;;;;;;
746;150;;;;;;;;;;;;;;;;;;;;;;;;;;;;;
747;8619;;;;;;;;;;;;;;;;;;;;;;;;;;;;;
748;359;;;;;;;;;;;;;;;;;;;;;;;;;;;;;
749;454;;;;;;;;;;;;;;;;;;;;;;;;;;;;;
750;33;;;;;;;;;;;;;;;;;;;;;;;;;;;;;
751;18;;;;;;;;;;;;;;;;;;;;;;;;;;;;;
752;98;;;;;;;;;;;;;;;;;;;;;;;;;;;;;
753;1260;;;;;;;;;;;;;;;;;;;;;;;;;;;;;
754;263;;;;;;;;;;;;;;;;;;;;;;;;;;;;;
755;97;;;;;;;;;;;;;;;;;;;;;;;;;;;;;
758;4169;;;;;;;;;;;;;;;;;;;;;;;;;;;;;
759;19;;;;;;;;;;;;;;;;;;;;;;;;;;;;;
760;303;;;;;;;;;;;;;;;;;;;;;;;;;;;;;
761;141;;;;;;;;;;;;;;;;;;;;;;;;;;;;;
762;101;;;;;;;;;;;;;;;;;;;;;;;;;;;;;
763;42;;;;;;;;;;;;;;;;;;;;;;;;;;;;;
764;204;;;;;;;;;;;;;;;;;;;;;;;;;;;;;
765;520;;;;;;;;;;;;;;;;;;;;;;;;;;;;;
766;6;;;;;;;;;;;;;;;;;;;;;;;;;;;;;
768;68;;;;;;;;;;;;;;;;;;;;;;;;;;;;;
769;312;;;;;;;;;;;;;;;;;;;;;;;;;;;;;
770;76;;;;;;;;;;;;;;;;;;;;;;;;;;;;;
771;460;;;;;;;;;;;;;;;;;;;;;;;;;;;;;
772;183;;;;;;;;;;;;;;;;;;;;;;;;;;;;;
773;269;;;;;;;;;;;;;;;;;;;;;;;;;;;;;
774;10;;;;;;;;;;;;;;;;;;;;;;;;;;;;;
775;459;;;;;;;;;;;;;;;;;;;;;;;;;;;;;
776;114;;;;;;;;;;;;;;;;;;;;;;;;;;;;;
777;242;;;;;;;;;;;;;;;;;;;;;;;;;;;;;
778;340;;;;;;;;;;;;;;;;;;;;;;;;;;;;;
779;708;;;;;;;;;;;;;;;;;;;;;;;;;;;;;
780;240;;;;;;;;;;;;;;;;;;;;;;;;;;;;;
782;189;;;;;;;;;;;;;;;;;;;;;;;;;;;;;
783;143;;;;;;;;;;;;;;;;;;;;;;;;;;;;;
784;33;;;;;;;;;;;;;;;;;;;;;;;;;;;;;
785;4;;;;;;;;;;;;;;;;;;;;;;;;;;;;;
786;469;;;;;;;;;;;;;;;;;;;;;;;;;;;;;
787;23;;;;;;;;;;;;;;;;;;;;;;;;;;;;;
788;373;;;;;;;;;;;;;;;;;;;;;;;;;;;;;
789;34;;;;;;;;;;;;;;;;;;;;;;;;;;;;;
790;571;;;;;;;;;;;;;;;;;;;;;;;;;;;;;
791;1129;;;;;;;;;;;;;;;;;;;;;;;;;;;;;
792;131;;;;;;;;;;;;;;;;;;;;;;;;;;;;;
793;178;;;;;;;;;;;;;;;;;;;;;;;;;;;;;
794;160;;;;;;;;;;;;;;;;;;;;;;;;;;;;;
795;744;;;;;;;;;;;;;;;;;;;;;;;;;;;;;
796;710;;;;;;;;;;;;;;;;;;;;;;;;;;;;;
797;1009;;;;;;;;;;;;;;;;;;;;;;;;;;;;;
798;117;;;;;;;;;;;;;;;;;;;;;;;;;;;;;
799;506;;;;;;;;;;;;;;;;;;;;;;;;;;;;;
800;202;;;;;;;;;;;;;;;;;;;;;;;;;;;;;
801;565;;;;;;;;;;;;;;;;;;;;;;;;;;;;;
802;862;;;;;;;;;;;;;;;;;;;;;;;;;;;;;
803;13;;;;;;;;;;;;;;;;;;;;;;;;;;;;;
804;162;;;;;;;;;;;;;;;;;;;;;;;;;;;;;
805;28;;;;;;;;;;;;;;;;;;;;;;;;;;;;;
807;480;;;;;;;;;;;;;;;;;;;;;;;;;;;;;
808;13;;;;;;;;;;;;;;;;;;;;;;;;;;;;;
810;170;;;;;;;;;;;;;;;;;;;;;;;;;;;;;
812;203;;;;;;;;;;;;;;;;;;;;;;;;;;;;;
813;725;;;;;;;;;;;;;;;;;;;;;;;;;;;;;
814;130;;;;;;;;;;;;;;;;;;;;;;;;;;;;;
815;78;;;;;;;;;;;;;;;;;;;;;;;;;;;;;
816;1;;;;;;;;;;;;;;;;;;;;;;;;;;;;;
817;64;;;;;;;;;;;;;;;;;;;;;;;;;;;;;
818;60;;;;;;;;;;;;;;;;;;;;;;;;;;;;;
819;133;;;;;;;;;;;;;;;;;;;;;;;;;;;;;
820;318;;;;;;;;;;;;;;;;;;;;;;;;;;;;;
821;162;;;;;;;;;;;;;;;;;;;;;;;;;;;;;
822;28;;;;;;;;;;;;;;;;;;;;;;;;;;;;;
823;10;;;;;;;;;;;;;;;;;;;;;;;;;;;;;
824;179;;;;;;;;;;;;;;;;;;;;;;;;;;;;;
825;211;;;;;;;;;;;;;;;;;;;;;;;;;;;;;
826;51;;;;;;;;;;;;;;;;;;;;;;;;;;;;;
827;38;;;;;;;;;;;;;;;;;;;;;;;;;;;;;
828;394;;;;;;;;;;;;;;;;;;;;;;;;;;;;;
829;167;;;;;;;;;;;;;;;;;;;;;;;;;;;;;
830;111;;;;;;;;;;;;;;;;;;;;;;;;;;;;;
831;295;;;;;;;;;;;;;;;;;;;;;;;;;;;;;
833;334;;;;;;;;;;;;;;;;;;;;;;;;;;;;;
834;485;;;;;;;;;;;;;;;;;;;;;;;;;;;;;
835;89;;;;;;;;;;;;;;;;;;;;;;;;;;;;;
836;105;;;;;;;;;;;;;;;;;;;;;;;;;;;;;
838;13;;;;;;;;;;;;;;;;;;;;;;;;;;;;;
840;132;;;;;;;;;;;;;;;;;;;;;;;;;;;;;
841;1314;;;;;;;;;;;;;;;;;;;;;;;;;;;;;
842;6716;;;;;;;;;;;;;;;;;;;;;;;;;;;;;
843;396;;;;;;;;;;;;;;;;;;;;;;;;;;;;;
844;52;;;;;;;;;;;;;;;;;;;;;;;;;;;;;
846;91;;;;;;;;;;;;;;;;;;;;;;;;;;;;;
847;39;;;;;;;;;;;;;;;;;;;;;;;;;;;;;
848;76;;;;;;;;;;;;;;;;;;;;;;;;;;;;;
849;1966;;;;;;;;;;;;;;;;;;;;;;;;;;;;;
850;97;;;;;;;;;;;;;;;;;;;;;;;;;;;;;
851;620;;;;;;;;;;;;;;;;;;;;;;;;;;;;;
852;132;;;;;;;;;;;;;;;;;;;;;;;;;;;;;
853;19;;;;;;;;;;;;;;;;;;;;;;;;;;;;;
854;931;;;;;;;;;;;;;;;;;;;;;;;;;;;;;
855;627;;;;;;;;;;;;;;;;;;;;;;;;;;;;;
856;429;;;;;;;;;;;;;;;;;;;;;;;;;;;;;
857;329;;;;;;;;;;;;;;;;;;;;;;;;;;;;;
858;92;;;;;;;;;;;;;;;;;;;;;;;;;;;;;
859;5;;;;;;;;;;;;;;;;;;;;;;;;;;;;;
860;220;;;;;;;;;;;;;;;;;;;;;;;;;;;;;
861;4456;;;;;;;;;;;;;;;;;;;;;;;;;;;;;
862;321;;;;;;;;;;;;;;;;;;;;;;;;;;;;;
863;14;;;;;;;;;;;;;;;;;;;;;;;;;;;;;
864;14;;;;;;;;;;;;;;;;;;;;;;;;;;;;;
865;41;;;;;;;;;;;;;;;;;;;;;;;;;;;;;
866;753;;;;;;;;;;;;;;;;;;;;;;;;;;;;;
867;100;;;;;;;;;;;;;;;;;;;;;;;;;;;;;
868;239;;;;;;;;;;;;;;;;;;;;;;;;;;;;;
869;244;;;;;;;;;;;;;;;;;;;;;;;;;;;;;
870;548;;;;;;;;;;;;;;;;;;;;;;;;;;;;;
871;601;;;;;;;;;;;;;;;;;;;;;;;;;;;;;
872;299;;;;;;;;;;;;;;;;;;;;;;;;;;;;;
873;209;;;;;;;;;;;;;;;;;;;;;;;;;;;;;
874;1356;;;;;;;;;;;;;;;;;;;;;;;;;;;;;
875;122;;;;;;;;;;;;;;;;;;;;;;;;;;;;;
876;28;;;;;;;;;;;;;;;;;;;;;;;;;;;;;
877;127;;;;;;;;;;;;;;;;;;;;;;;;;;;;;
878;136;;;;;;;;;;;;;;;;;;;;;;;;;;;;;
879;213;;;;;;;;;;;;;;;;;;;;;;;;;;;;;
880;4251;;;;;;;;;;;;;;;;;;;;;;;;;;;;;
882;52;;;;;;;;;;;;;;;;;;;;;;;;;;;;;
883;42;;;;;;;;;;;;;;;;;;;;;;;;;;;;;
884;9;;;;;;;;;;;;;;;;;;;;;;;;;;;;;
885;112;;;;;;;;;;;;;;;;;;;;;;;;;;;;;
886;46;;;;;;;;;;;;;;;;;;;;;;;;;;;;;
888;16;;;;;;;;;;;;;;;;;;;;;;;;;;;;;
889;64;;;;;;;;;;;;;;;;;;;;;;;;;;;;;
890;106;;;;;;;;;;;;;;;;;;;;;;;;;;;;;
891;1402;;;;;;;;;;;;;;;;;;;;;;;;;;;;;
892;65;;;;;;;;;;;;;;;;;;;;;;;;;;;;;
893;9;;;;;;;;;;;;;;;;;;;;;;;;;;;;;
894;726;;;;;;;;;;;;;;;;;;;;;;;;;;;;;
895;309;;;;;;;;;;;;;;;;;;;;;;;;;;;;;
896;153;;;;;;;;;;;;;;;;;;;;;;;;;;;;;
898;189;;;;;;;;;;;;;;;;;;;;;;;;;;;;;
899;500;;;;;;;;;;;;;;;;;;;;;;;;;;;;;
900;7;;;;;;;;;;;;;;;;;;;;;;;;;;;;;
901;86;;;;;;;;;;;;;;;;;;;;;;;;;;;;;
902;72;;;;;;;;;;;;;;;;;;;;;;;;;;;;;
903;52;;;;;;;;;;;;;;;;;;;;;;;;;;;;;
905;153;;;;;;;;;;;;;;;;;;;;;;;;;;;;;
906;123;;;;;;;;;;;;;;;;;;;;;;;;;;;;;
908;867;;;;;;;;;;;;;;;;;;;;;;;;;;;;;
909;452;;;;;;;;;;;;;;;;;;;;;;;;;;;;;
910;1593;;;;;;;;;;;;;;;;;;;;;;;;;;;;;
911;501;;;;;;;;;;;;;;;;;;;;;;;;;;;;;
912;32;;;;;;;;;;;;;;;;;;;;;;;;;;;;;
914;55;;;;;;;;;;;;;;;;;;;;;;;;;;;;;
915;317;;;;;;;;;;;;;;;;;;;;;;;;;;;;;
916;41;;;;;;;;;;;;;;;;;;;;;;;;;;;;;
917;39;;;;;;;;;;;;;;;;;;;;;;;;;;;;;
918;131;;;;;;;;;;;;;;;;;;;;;;;;;;;;;
919;326;;;;;;;;;;;;;;;;;;;;;;;;;;;;;
920;233;;;;;;;;;;;;;;;;;;;;;;;;;;;;;
921;30;;;;;;;;;;;;;;;;;;;;;;;;;;;;;
922;141;;;;;;;;;;;;;;;;;;;;;;;;;;;;;
923;575;;;;;;;;;;;;;;;;;;;;;;;;;;;;;
924;99;;;;;;;;;;;;;;;;;;;;;;;;;;;;;
925;149;;;;;;;;;;;;;;;;;;;;;;;;;;;;;
926;203;;;;;;;;;;;;;;;;;;;;;;;;;;;;;
927;444;;;;;;;;;;;;;;;;;;;;;;;;;;;;;
928;1499;;;;;;;;;;;;;;;;;;;;;;;;;;;;;
931;297;;;;;;;;;;;;;;;;;;;;;;;;;;;;;
932;48;;;;;;;;;;;;;;;;;;;;;;;;;;;;;
933;500;;;;;;;;;;;;;;;;;;;;;;;;;;;;;
934;512;;;;;;;;;;;;;;;;;;;;;;;;;;;;;
935;168;;;;;;;;;;;;;;;;;;;;;;;;;;;;;
936;42;;;;;;;;;;;;;;;;;;;;;;;;;;;;;
937;570;;;;;;;;;;;;;;;;;;;;;;;;;;;;;
938;279;;;;;;;;;;;;;;;;;;;;;;;;;;;;;
939;107;;;;;;;;;;;;;;;;;;;;;;;;;;;;;
940;346;;;;;;;;;;;;;;;;;;;;;;;;;;;;;
941;120;;;;;;;;;;;;;;;;;;;;;;;;;;;;;
942;36;;;;;;;;;;;;;;;;;;;;;;;;;;;;;
943;15;;;;;;;;;;;;;;;;;;;;;;;;;;;;;
944;382;;;;;;;;;;;;;;;;;;;;;;;;;;;;;
946;5388;;;;;;;;;;;;;;;;;;;;;;;;;;;;;
947;591;;;;;;;;;;;;;;;;;;;;;;;;;;;;;
949;431;;;;;;;;;;;;;;;;;;;;;;;;;;;;;
950;19;;;;;;;;;;;;;;;;;;;;;;;;;;;;;
951;27;;;;;;;;;;;;;;;;;;;;;;;;;;;;;
952;460;;;;;;;;;;;;;;;;;;;;;;;;;;;;;
953;301;;;;;;;;;;;;;;;;;;;;;;;;;;;;;
955;274;;;;;;;;;;;;;;;;;;;;;;;;;;;;;
956;109;;;;;;;;;;;;;;;;;;;;;;;;;;;;;
957;38;;;;;;;;;;;;;;;;;;;;;;;;;;;;;
958;145;;;;;;;;;;;;;;;;;;;;;;;;;;;;;
959;41;;;;;;;;;;;;;;;;;;;;;;;;;;;;;
960;91;;;;;;;;;;;;;;;;;;;;;;;;;;;;;
961;896;;;;;;;;;;;;;;;;;;;;;;;;;;;;;
962;22;;;;;;;;;;;;;;;;;;;;;;;;;;;;;
963;12;;;;;;;;;;;;;;;;;;;;;;;;;;;;;
964;9;;;;;;;;;;;;;;;;;;;;;;;;;;;;;
966;261;;;;;;;;;;;;;;;;;;;;;;;;;;;;;
967;617;;;;;;;;;;;;;;;;;;;;;;;;;;;;;
968;21;;;;;;;;;;;;;;;;;;;;;;;;;;;;;
969;209;;;;;;;;;;;;;;;;;;;;;;;;;;;;;
970;94;;;;;;;;;;;;;;;;;;;;;;;;;;;;;
971;147;;;;;;;;;;;;;;;;;;;;;;;;;;;;;
972;109;;;;;;;;;;;;;;;;;;;;;;;;;;;;;
973;73;;;;;;;;;;;;;;;;;;;;;;;;;;;;;
974;209;;;;;;;;;;;;;;;;;;;;;;;;;;;;;
976;7;;;;;;;;;;;;;;;;;;;;;;;;;;;;;
977;594;;;;;;;;;;;;;;;;;;;;;;;;;;;;;
978;11;;;;;;;;;;;;;;;;;;;;;;;;;;;;;
979;430;;;;;;;;;;;;;;;;;;;;;;;;;;;;;
981;391;;;;;;;;;;;;;;;;;;;;;;;;;;;;;
982;204;;;;;;;;;;;;;;;;;;;;;;;;;;;;;
984;192;;;;;;;;;;;;;;;;;;;;;;;;;;;;;
985;420;;;;;;;;;;;;;;;;;;;;;;;;;;;;;
986;801;;;;;;;;;;;;;;;;;;;;;;;;;;;;;
987;192;;;;;;;;;;;;;;;;;;;;;;;;;;;;;
988;139;;;;;;;;;;;;;;;;;;;;;;;;;;;;;
989;159;;;;;;;;;;;;;;;;;;;;;;;;;;;;;
990;7;;;;;;;;;;;;;;;;;;;;;;;;;;;;;
991;657;;;;;;;;;;;;;;;;;;;;;;;;;;;;;
993;84;;;;;;;;;;;;;;;;;;;;;;;;;;;;;
994;36;;;;;;;;;;;;;;;;;;;;;;;;;;;;;
995;482;;;;;;;;;;;;;;;;;;;;;;;;;;;;;
996;380;;;;;;;;;;;;;;;;;;;;;;;;;;;;;
997;252;;;;;;;;;;;;;;;;;;;;;;;;;;;;;
998;219;;;;;;;;;;;;;;;;;;;;;;;;;;;;;
999;1725;;;;;;;;;;;;;;;;;;;;;;;;;;;;;
1000;843;;;;;;;;;;;;;;;;;;;;;;;;;;;;;
1001;103;;;;;;;;;;;;;;;;;;;;;;;;;;;;;
1002;89;;;;;;;;;;;;;;;;;;;;;;;;;;;;;
1003;40;;;;;;;;;;;;;;;;;;;;;;;;;;;;;
1004;167;;;;;;;;;;;;;;;;;;;;;;;;;;;;;
1005;384;;;;;;;;;;;;;;;;;;;;;;;;;;;;;
1006;491;;;;;;;;;;;;;;;;;;;;;;;;;;;;;
1007;757;;;;;;;;;;;;;;;;;;;;;;;;;;;;;
1008;306;;;;;;;;;;;;;;;;;;;;;;;;;;;;;
1009;125;;;;;;;;;;;;;;;;;;;;;;;;;;;;;
1012;437;;;;;;;;;;;;;;;;;;;;;;;;;;;;;
1013;278;;;;;;;;;;;;;;;;;;;;;;;;;;;;;
1014;505;;;;;;;;;;;;;;;;;;;;;;;;;;;;;
1015;86;;;;;;;;;;;;;;;;;;;;;;;;;;;;;
1016;934;;;;;;;;;;;;;;;;;;;;;;;;;;;;;
1017;420;;;;;;;;;;;;;;;;;;;;;;;;;;;;;
1018;20;;;;;;;;;;;;;;;;;;;;;;;;;;;;;
1019;322;;;;;;;;;;;;;;;;;;;;;;;;;;;;;
1020;921;;;;;;;;;;;;;;;;;;;;;;;;;;;;;
1021;1158;;;;;;;;;;;;;;;;;;;;;;;;;;;;;
1022;58;;;;;;;;;;;;;;;;;;;;;;;;;;;;;
1023;192;;;;;;;;;;;;;;;;;;;;;;;;;;;;;
1024;30;;;;;;;;;;;;;;;;;;;;;;;;;;;;;
1025;50;;;;;;;;;;;;;;;;;;;;;;;;;;;;;
1026;263;;;;;;;;;;;;;;;;;;;;;;;;;;;;;
1027;6492;;;;;;;;;;;;;;;;;;;;;;;;;;;;;
1028;164;;;;;;;;;;;;;;;;;;;;;;;;;;;;;
1029;32;;;;;;;;;;;;;;;;;;;;;;;;;;;;;
1030;939;;;;;;;;;;;;;;;;;;;;;;;;;;;;;
1031;556;;;;;;;;;;;;;;;;;;;;;;;;;;;;;
1032;1683;;;;;;;;;;;;;;;;;;;;;;;;;;;;;
1033;523;;;;;;;;;;;;;;;;;;;;;;;;;;;;;
1034;1909;;;;;;;;;;;;;;;;;;;;;;;;;;;;;
1035;307;;;;;;;;;;;;;;;;;;;;;;;;;;;;;
1037;392;;;;;;;;;;;;;;;;;;;;;;;;;;;;;
1038;20;;;;;;;;;;;;;;;;;;;;;;;;;;;;;
1040;11;;;;;;;;;;;;;;;;;;;;;;;;;;;;;
1041;140;;;;;;;;;;;;;;;;;;;;;;;;;;;;;
1043;1009;;;;;;;;;;;;;;;;;;;;;;;;;;;;;
1044;96;;;;;;;;;;;;;;;;;;;;;;;;;;;;;
1045;401;;;;;;;;;;;;;;;;;;;;;;;;;;;;;
1046;315;;;;;;;;;;;;;;;;;;;;;;;;;;;;;
1047;62;;;;;;;;;;;;;;;;;;;;;;;;;;;;;
1049;97;;;;;;;;;;;;;;;;;;;;;;;;;;;;;
1050;88;;;;;;;;;;;;;;;;;;;;;;;;;;;;;
1051;1713;;;;;;;;;;;;;;;;;;;;;;;;;;;;;
1052;8;;;;;;;;;;;;;;;;;;;;;;;;;;;;;
1053;166;;;;;;;;;;;;;;;;;;;;;;;;;;;;;
1054;92;;;;;;;;;;;;;;;;;;;;;;;;;;;;;
1055;453;;;;;;;;;;;;;;;;;;;;;;;;;;;;;
1057;190;;;;;;;;;;;;;;;;;;;;;;;;;;;;;
1060;75;;;;;;;;;;;;;;;;;;;;;;;;;;;;;
1061;170;;;;;;;;;;;;;;;;;;;;;;;;;;;;;
1062;575;;;;;;;;;;;;;;;;;;;;;;;;;;;;;
1063;28;;;;;;;;;;;;;;;;;;;;;;;;;;;;;
1064;2;;;;;;;;;;;;;;;;;;;;;;;;;;;;;
1065;1;;;;;;;;;;;;;;;;;;;;;;;;;;;;;
1066;1619;;;;;;;;;;;;;;;;;;;;;;;;;;;;;
1067;85;;;;;;;;;;;;;;;;;;;;;;;;;;;;;
1068;1208;;;;;;;;;;;;;;;;;;;;;;;;;;;;;
1069;345;;;;;;;;;;;;;;;;;;;;;;;;;;;;;
1070;356;;;;;;;;;;;;;;;;;;;;;;;;;;;;;
1071;345;;;;;;;;;;;;;;;;;;;;;;;;;;;;;
1072;2331;;;;;;;;;;;;;;;;;;;;;;;;;;;;;
1073;85;;;;;;;;;;;;;;;;;;;;;;;;;;;;;
1074;906;;;;;;;;;;;;;;;;;;;;;;;;;;;;;
1076;365;;;;;;;;;;;;;;;;;;;;;;;;;;;;;
1077;124;;;;;;;;;;;;;;;;;;;;;;;;;;;;;
1079;30;;;;;;;;;;;;;;;;;;;;;;;;;;;;;
1080;203;;;;;;;;;;;;;;;;;;;;;;;;;;;;;
1081;685;;;;;;;;;;;;;;;;;;;;;;;;;;;;;
1082;350;;;;;;;;;;;;;;;;;;;;;;;;;;;;;
1083;153;;;;;;;;;;;;;;;;;;;;;;;;;;;;;
1085;110;;;;;;;;;;;;;;;;;;;;;;;;;;;;;
1086;469;;;;;;;;;;;;;;;;;;;;;;;;;;;;;
1087;79;;;;;;;;;;;;;;;;;;;;;;;;;;;;;
1089;69;;;;;;;;;;;;;;;;;;;;;;;;;;;;;
1090;182;;;;;;;;;;;;;;;;;;;;;;;;;;;;;
1091;70;;;;;;;;;;;;;;;;;;;;;;;;;;;;;
1092;41;;;;;;;;;;;;;;;;;;;;;;;;;;;;;
1093;253;;;;;;;;;;;;;;;;;;;;;;;;;;;;;
1094;797;;;;;;;;;;;;;;;;;;;;;;;;;;;;;
1095;60;;;;;;;;;;;;;;;;;;;;;;;;;;;;;
1097;197;;;;;;;;;;;;;;;;;;;;;;;;;;;;;
1098;137;;;;;;;;;;;;;;;;;;;;;;;;;;;;;
1099;37;;;;;;;;;;;;;;;;;;;;;;;;;;;;;
1100;857;;;;;;;;;;;;;;;;;;;;;;;;;;;;;
1101;210;;;;;;;;;;;;;;;;;;;;;;;;;;;;;
1103;16;;;;;;;;;;;;;;;;;;;;;;;;;;;;;
1104;200;;;;;;;;;;;;;;;;;;;;;;;;;;;;;
1105;328;;;;;;;;;;;;;;;;;;;;;;;;;;;;;
1106;32;;;;;;;;;;;;;;;;;;;;;;;;;;;;;
1107;19;;;;;;;;;;;;;;;;;;;;;;;;;;;;;
1108;379;;;;;;;;;;;;;;;;;;;;;;;;;;;;;
1109;1;;;;;;;;;;;;;;;;;;;;;;;;;;;;;
1111;766;;;;;;;;;;;;;;;;;;;;;;;;;;;;;
1112;7;;;;;;;;;;;;;;;;;;;;;;;;;;;;;
1113;1039;;;;;;;;;;;;;;;;;;;;;;;;;;;;;
1114;257;;;;;;;;;;;;;;;;;;;;;;;;;;;;;
1115;93;;;;;;;;;;;;;;;;;;;;;;;;;;;;;
1116;212;;;;;;;;;;;;;;;;;;;;;;;;;;;;;
1117;182;;;;;;;;;;;;;;;;;;;;;;;;;;;;;
1118;1594;;;;;;;;;;;;;;;;;;;;;;;;;;;;;
1120;1783;;;;;;;;;;;;;;;;;;;;;;;;;;;;;
1121;229;;;;;;;;;;;;;;;;;;;;;;;;;;;;;
1122;61;;;;;;;;;;;;;;;;;;;;;;;;;;;;;
1123;141;;;;;;;;;;;;;;;;;;;;;;;;;;;;;
1126;186;;;;;;;;;;;;;;;;;;;;;;;;;;;;;
1127;56;;;;;;;;;;;;;;;;;;;;;;;;;;;;;
1129;184;;;;;;;;;;;;;;;;;;;;;;;;;;;;;
1130;91;;;;;;;;;;;;;;;;;;;;;;;;;;;;;
1131;268;;;;;;;;;;;;;;;;;;;;;;;;;;;;;
1132;131;;;;;;;;;;;;;;;;;;;;;;;;;;;;;
1133;352;;;;;;;;;;;;;;;;;;;;;;;;;;;;;
1134;270;;;;;;;;;;;;;;;;;;;;;;;;;;;;;
1135;51;;;;;;;;;;;;;;;;;;;;;;;;;;;;;
1136;1035;;;;;;;;;;;;;;;;;;;;;;;;;;;;;
1137;804;;;;;;;;;;;;;;;;;;;;;;;;;;;;;
1138;1049;;;;;;;;;;;;;;;;;;;;;;;;;;;;;
1139;104;;;;;;;;;;;;;;;;;;;;;;;;;;;;;
1140;414;;;;;;;;;;;;;;;;;;;;;;;;;;;;;
1141;711;;;;;;;;;;;;;;;;;;;;;;;;;;;;;
1142;430;;;;;;;;;;;;;;;;;;;;;;;;;;;;;
1145;116;;;;;;;;;;;;;;;;;;;;;;;;;;;;;
1146;97;;;;;;;;;;;;;;;;;;;;;;;;;;;;;
1147;33;;;;;;;;;;;;;;;;;;;;;;;;;;;;;
1148;127;;;;;;;;;;;;;;;;;;;;;;;;;;;;;
1149;425;;;;;;;;;;;;;;;;;;;;;;;;;;;;;
1151;84;;;;;;;;;;;;;;;;;;;;;;;;;;;;;
1152;1044;;;;;;;;;;;;;;;;;;;;;;;;;;;;;
1153;927;;;;;;;;;;;;;;;;;;;;;;;;;;;;;
1155;16;;;;;;;;;;;;;;;;;;;;;;;;;;;;;
1156;210;;;;;;;;;;;;;;;;;;;;;;;;;;;;;
1157;846;;;;;;;;;;;;;;;;;;;;;;;;;;;;;
1159;25;;;;;;;;;;;;;;;;;;;;;;;;;;;;;
1160;83;;;;;;;;;;;;;;;;;;;;;;;;;;;;;
1162;327;;;;;;;;;;;;;;;;;;;;;;;;;;;;;
1163;732;;;;;;;;;;;;;;;;;;;;;;;;;;;;;
1165;303;;;;;;;;;;;;;;;;;;;;;;;;;;;;;
1166;605;;;;;;;;;;;;;;;;;;;;;;;;;;;;;
1168;111;;;;;;;;;;;;;;;;;;;;;;;;;;;;;
1171;610;;;;;;;;;;;;;;;;;;;;;;;;;;;;;
1173;152;;;;;;;;;;;;;;;;;;;;;;;;;;;;;
1175;738;;;;;;;;;;;;;;;;;;;;;;;;;;;;;
1177;163;;;;;;;;;;;;;;;;;;;;;;;;;;;;;
1178;951;;;;;;;;;;;;;;;;;;;;;;;;;;;;;
1179;478;;;;;;;;;;;;;;;;;;;;;;;;;;;;;
1183;26;;;;;;;;;;;;;;;;;;;;;;;;;;;;;
1184;36;;;;;;;;;;;;;;;;;;;;;;;;;;;;;
1185;101;;;;;;;;;;;;;;;;;;;;;;;;;;;;;
1186;400;;;;;;;;;;;;;;;;;;;;;;;;;;;;;
1188;54;;;;;;;;;;;;;;;;;;;;;;;;;;;;;
1189;24;;;;;;;;;;;;;;;;;;;;;;;;;;;;;
1190;446;;;;;;;;;;;;;;;;;;;;;;;;;;;;;
1191;18;;;;;;;;;;;;;;;;;;;;;;;;;;;;;
1192;11;;;;;;;;;;;;;;;;;;;;;;;;;;;;;
1193;23;;;;;;;;;;;;;;;;;;;;;;;;;;;;;
1194;23;;;;;;;;;;;;;;;;;;;;;;;;;;;;;
1195;638;;;;;;;;;;;;;;;;;;;;;;;;;;;;;
1196;378;;;;;;;;;;;;;;;;;;;;;;;;;;;;;
1197;130;;;;;;;;;;;;;;;;;;;;;;;;;;;;;
1198;93;;;;;;;;;;;;;;;;;;;;;;;;;;;;;
1199;292;;;;;;;;;;;;;;;;;;;;;;;;;;;;;
1201;696;;;;;;;;;;;;;;;;;;;;;;;;;;;;;
1203;198;;;;;;;;;;;;;;;;;;;;;;;;;;;;;
1204;434;;;;;;;;;;;;;;;;;;;;;;;;;;;;;
1205;89;;;;;;;;;;;;;;;;;;;;;;;;;;;;;
1206;175;;;;;;;;;;;;;;;;;;;;;;;;;;;;;
1207;161;;;;;;;;;;;;;;;;;;;;;;;;;;;;;
1208;127;;;;;;;;;;;;;;;;;;;;;;;;;;;;;
1209;107;;;;;;;;;;;;;;;;;;;;;;;;;;;;;
1210;26;;;;;;;;;;;;;;;;;;;;;;;;;;;;;
1211;1245;;;;;;;;;;;;;;;;;;;;;;;;;;;;;
1212;53;;;;;;;;;;;;;;;;;;;;;;;;;;;;;
1213;6;;;;;;;;;;;;;;;;;;;;;;;;;;;;;
1214;48;;;;;;;;;;;;;;;;;;;;;;;;;;;;;
1215;197;;;;;;;;;;;;;;;;;;;;;;;;;;;;;
1216;252;;;;;;;;;;;;;;;;;;;;;;;;;;;;;
1217;766;;;;;;;;;;;;;;;;;;;;;;;;;;;;;
1218;480;;;;;;;;;;;;;;;;;;;;;;;;;;;;;
1220;27;;;;;;;;;;;;;;;;;;;;;;;;;;;;;
1221;144;;;;;;;;;;;;;;;;;;;;;;;;;;;;;
1222;39;;;;;;;;;;;;;;;;;;;;;;;;;;;;;
1223;77;;;;;;;;;;;;;;;;;;;;;;;;;;;;;
1224;391;;;;;;;;;;;;;;;;;;;;;;;;;;;;;
1225;52;;;;;;;;;;;;;;;;;;;;;;;;;;;;;
1227;44;;;;;;;;;;;;;;;;;;;;;;;;;;;;;
1229;211;;;;;;;;;;;;;;;;;;;;;;;;;;;;;
1231;515;;;;;;;;;;;;;;;;;;;;;;;;;;;;;
1232;463;;;;;;;;;;;;;;;;;;;;;;;;;;;;;
1233;48;;;;;;;;;;;;;;;;;;;;;;;;;;;;;
1234;262;;;;;;;;;;;;;;;;;;;;;;;;;;;;;
1235;7;;;;;;;;;;;;;;;;;;;;;;;;;;;;;
1237;112;;;;;;;;;;;;;;;;;;;;;;;;;;;;;
1238;324;;;;;;;;;;;;;;;;;;;;;;;;;;;;;
1239;216;;;;;;;;;;;;;;;;;;;;;;;;;;;;;
1240;69;;;;;;;;;;;;;;;;;;;;;;;;;;;;;
1241;91;;;;;;;;;;;;;;;;;;;;;;;;;;;;;
1242;210;;;;;;;;;;;;;;;;;;;;;;;;;;;;;
1243;610;;;;;;;;;;;;;;;;;;;;;;;;;;;;;
1245;186;;;;;;;;;;;;;;;;;;;;;;;;;;;;;
1247;432;;;;;;;;;;;;;;;;;;;;;;;;;;;;;
1250;166;;;;;;;;;;;;;;;;;;;;;;;;;;;;;
1251;647;;;;;;;;;;;;;;;;;;;;;;;;;;;;;
1254;394;;;;;;;;;;;;;;;;;;;;;;;;;;;;;
1255;213;;;;;;;;;;;;;;;;;;;;;;;;;;;;;
1256;1;;;;;;;;;;;;;;;;;;;;;;;;;;;;;
1257;457;;;;;;;;;;;;;;;;;;;;;;;;;;;;;
1258;764;;;;;;;;;;;;;;;;;;;;;;;;;;;;;
1259;60;;;;;;;;;;;;;;;;;;;;;;;;;;;;;
1261;334;;;;;;;;;;;;;;;;;;;;;;;;;;;;;
1262;113;;;;;;;;;;;;;;;;;;;;;;;;;;;;;
1263;133;;;;;;;;;;;;;;;;;;;;;;;;;;;;;
1264;9;;;;;;;;;;;;;;;;;;;;;;;;;;;;;
1265;50;;;;;;;;;;;;;;;;;;;;;;;;;;;;;
1266;86;;;;;;;;;;;;;;;;;;;;;;;;;;;;;
1267;3;;;;;;;;;;;;;;;;;;;;;;;;;;;;;
1268;5;;;;;;;;;;;;;;;;;;;;;;;;;;;;;
1269;494;;;;;;;;;;;;;;;;;;;;;;;;;;;;;
1270;41;;;;;;;;;;;;;;;;;;;;;;;;;;;;;
1272;124;;;;;;;;;;;;;;;;;;;;;;;;;;;;;
1273;124;;;;;;;;;;;;;;;;;;;;;;;;;;;;;
1274;329;;;;;;;;;;;;;;;;;;;;;;;;;;;;;
1275;138;;;;;;;;;;;;;;;;;;;;;;;;;;;;;
1276;92;;;;;;;;;;;;;;;;;;;;;;;;;;;;;
1277;78;;;;;;;;;;;;;;;;;;;;;;;;;;;;;
1278;445;;;;;;;;;;;;;;;;;;;;;;;;;;;;;
1279;50;;;;;;;;;;;;;;;;;;;;;;;;;;;;;
1280;64;;;;;;;;;;;;;;;;;;;;;;;;;;;;;
1281;7;;;;;;;;;;;;;;;;;;;;;;;;;;;;;
1282;47;;;;;;;;;;;;;;;;;;;;;;;;;;;;;
1284;662;;;;;;;;;;;;;;;;;;;;;;;;;;;;;
1285;262;;;;;;;;;;;;;;;;;;;;;;;;;;;;;
1286;159;;;;;;;;;;;;;;;;;;;;;;;;;;;;;
1287;771;;;;;;;;;;;;;;;;;;;;;;;;;;;;;
1288;16;;;;;;;;;;;;;;;;;;;;;;;;;;;;;
1289;453;;;;;;;;;;;;;;;;;;;;;;;;;;;;;
1290;245;;;;;;;;;;;;;;;;;;;;;;;;;;;;;
1291;97;;;;;;;;;;;;;;;;;;;;;;;;;;;;;
1292;372;;;;;;;;;;;;;;;;;;;;;;;;;;;;;
1295;12;;;;;;;;;;;;;;;;;;;;;;;;;;;;;
1296;15;;;;;;;;;;;;;;;;;;;;;;;;;;;;;
1298;22;;;;;;;;;;;;;;;;;;;;;;;;;;;;;
1299;297;;;;;;;;;;;;;;;;;;;;;;;;;;;;;
1300;184;;;;;;;;;;;;;;;;;;;;;;;;;;;;;
1301;113;;;;;;;;;;;;;;;;;;;;;;;;;;;;;
1302;46;;;;;;;;;;;;;;;;;;;;;;;;;;;;;
1303;203;;;;;;;;;;;;;;;;;;;;;;;;;;;;;
1304;191;;;;;;;;;;;;;;;;;;;;;;;;;;;;;
1306;1385;;;;;;;;;;;;;;;;;;;;;;;;;;;;;
1307;263;;;;;;;;;;;;;;;;;;;;;;;;;;;;;
1308;26;;;;;;;;;;;;;;;;;;;;;;;;;;;;;
1309;253;;;;;;;;;;;;;;;;;;;;;;;;;;;;;
1310;953;;;;;;;;;;;;;;;;;;;;;;;;;;;;;
1311;106;;;;;;;;;;;;;;;;;;;;;;;;;;;;;
1312;114;;;;;;;;;;;;;;;;;;;;;;;;;;;;;
1314;245;;;;;;;;;;;;;;;;;;;;;;;;;;;;;
1315;31;;;;;;;;;;;;;;;;;;;;;;;;;;;;;
1316;79;;;;;;;;;;;;;;;;;;;;;;;;;;;;;
1317;130;;;;;;;;;;;;;;;;;;;;;;;;;;;;;
1318;147;;;;;;;;;;;;;;;;;;;;;;;;;;;;;
1319;53;;;;;;;;;;;;;;;;;;;;;;;;;;;;;
1320;67;;;;;;;;;;;;;;;;;;;;;;;;;;;;;
1321;459;;;;;;;;;;;;;;;;;;;;;;;;;;;;;
1322;28;;;;;;;;;;;;;;;;;;;;;;;;;;;;;
1323;274;;;;;;;;;;;;;;;;;;;;;;;;;;;;;
1324;25;;;;;;;;;;;;;;;;;;;;;;;;;;;;;
1325;754;;;;;;;;;;;;;;;;;;;;;;;;;;;;;
1326;88;;;;;;;;;;;;;;;;;;;;;;;;;;;;;
1327;154;;;;;;;;;;;;;;;;;;;;;;;;;;;;;
1328;145;;;;;;;;;;;;;;;;;;;;;;;;;;;;;
1329;2;;;;;;;;;;;;;;;;;;;;;;;;;;;;;
1330;32;;;;;;;;;;;;;;;;;;;;;;;;;;;;;
1331;251;;;;;;;;;;;;;;;;;;;;;;;;;;;;;
1332;151;;;;;;;;;;;;;;;;;;;;;;;;;;;;;
1333;398;;;;;;;;;;;;;;;;;;;;;;;;;;;;;
1334;13;;;;;;;;;;;;;;;;;;;;;;;;;;;;;
1335;12;;;;;;;;;;;;;;;;;;;;;;;;;;;;;
1336;470;;;;;;;;;;;;;;;;;;;;;;;;;;;;;
1338;67;;;;;;;;;;;;;;;;;;;;;;;;;;;;;
1339;280;;;;;;;;;;;;;;;;;;;;;;;;;;;;;
1341;34;;;;;;;;;;;;;;;;;;;;;;;;;;;;;
1344;465;;;;;;;;;;;;;;;;;;;;;;;;;;;;;
1345;573;;;;;;;;;;;;;;;;;;;;;;;;;;;;;
1347;176;;;;;;;;;;;;;;;;;;;;;;;;;;;;;
1348;100;;;;;;;;;;;;;;;;;;;;;;;;;;;;;
1349;88;;;;;;;;;;;;;;;;;;;;;;;;;;;;;
1350;103;;;;;;;;;;;;;;;;;;;;;;;;;;;;;
1351;295;;;;;;;;;;;;;;;;;;;;;;;;;;;;;
1352;336;;;;;;;;;;;;;;;;;;;;;;;;;;;;;
1353;304;;;;;;;;;;;;;;;;;;;;;;;;;;;;;
1354;283;;;;;;;;;;;;;;;;;;;;;;;;;;;;;
1356;392;;;;;;;;;;;;;;;;;;;;;;;;;;;;;
1357;25;;;;;;;;;;;;;;;;;;;;;;;;;;;;;
1359;530;;;;;;;;;;;;;;;;;;;;;;;;;;;;;
1360;199;;;;;;;;;;;;;;;;;;;;;;;;;;;;;
1361;215;;;;;;;;;;;;;;;;;;;;;;;;;;;;;
1362;156;;;;;;;;;;;;;;;;;;;;;;;;;;;;;
1365;219;;;;;;;;;;;;;;;;;;;;;;;;;;;;;
1366;127;;;;;;;;;;;;;;;;;;;;;;;;;;;;;
1367;148;;;;;;;;;;;;;;;;;;;;;;;;;;;;;
1368;154;;;;;;;;;;;;;;;;;;;;;;;;;;;;;
1369;40;;;;;;;;;;;;;;;;;;;;;;;;;;;;;
1370;115;;;;;;;;;;;;;;;;;;;;;;;;;;;;;
1371;338;;;;;;;;;;;;;;;;;;;;;;;;;;;;;
1372;109;;;;;;;;;;;;;;;;;;;;;;;;;;;;;
1373;67;;;;;;;;;;;;;;;;;;;;;;;;;;;;;
1374;142;;;;;;;;;;;;;;;;;;;;;;;;;;;;;
1375;110;;;;;;;;;;;;;;;;;;;;;;;;;;;;;
1376;238;;;;;;;;;;;;;;;;;;;;;;;;;;;;;
1378;80;;;;;;;;;;;;;;;;;;;;;;;;;;;;;
1380;278;;;;;;;;;;;;;;;;;;;;;;;;;;;;;
1381;25;;;;;;;;;;;;;;;;;;;;;;;;;;;;;
1383;13;;;;;;;;;;;;;;;;;;;;;;;;;;;;;
1384;547;;;;;;;;;;;;;;;;;;;;;;;;;;;;;
1385;293;;;;;;;;;;;;;;;;;;;;;;;;;;;;;
1386;123;;;;;;;;;;;;;;;;;;;;;;;;;;;;;
1387;254;;;;;;;;;;;;;;;;;;;;;;;;;;;;;
1388;215;;;;;;;;;;;;;;;;;;;;;;;;;;;;;
1390;24;;;;;;;;;;;;;;;;;;;;;;;;;;;;;
1391;3;;;;;;;;;;;;;;;;;;;;;;;;;;;;;
1392;14;;;;;;;;;;;;;;;;;;;;;;;;;;;;;
1393;41;;;;;;;;;;;;;;;;;;;;;;;;;;;;;
1394;112;;;;;;;;;;;;;;;;;;;;;;;;;;;;;
1397;42;;;;;;;;;;;;;;;;;;;;;;;;;;;;;
1399;3272;;;;;;;;;;;;;;;;;;;;;;;;;;;;;
1400;1167;;;;;;;;;;;;;;;;;;;;;;;;;;;;;
1401;771;;;;;;;;;;;;;;;;;;;;;;;;;;;;;
1402;721;;;;;;;;;;;;;;;;;;;;;;;;;;;;;
1403;1592;;;;;;;;;;;;;;;;;;;;;;;;;;;;;
1405;64;;;;;;;;;;;;;;;;;;;;;;;;;;;;;
1407;60;;;;;;;;;;;;;;;;;;;;;;;;;;;;;
1408;25;;;;;;;;;;;;;;;;;;;;;;;;;;;;;
1409;63;;;;;;;;;;;;;;;;;;;;;;;;;;;;;
1410;217;;;;;;;;;;;;;;;;;;;;;;;;;;;;;
1411;142;;;;;;;;;;;;;;;;;;;;;;;;;;;;;
1412;192;;;;;;;;;;;;;;;;;;;;;;;;;;;;;
1413;2040;;;;;;;;;;;;;;;;;;;;;;;;;;;;;
1414;469;;;;;;;;;;;;;;;;;;;;;;;;;;;;;
1416;196;;;;;;;;;;;;;;;;;;;;;;;;;;;;;
1417;35;;;;;;;;;;;;;;;;;;;;;;;;;;;;;
1419;107;;;;;;;;;;;;;;;;;;;;;;;;;;;;;
1420;4;;;;;;;;;;;;;;;;;;;;;;;;;;;;;
1421;202;;;;;;;;;;;;;;;;;;;;;;;;;;;;;
1423;109;;;;;;;;;;;;;;;;;;;;;;;;;;;;;
1426;87;;;;;;;;;;;;;;;;;;;;;;;;;;;;;
1427;6;;;;;;;;;;;;;;;;;;;;;;;;;;;;;
1428;226;;;;;;;;;;;;;;;;;;;;;;;;;;;;;
1429;355;;;;;;;;;;;;;;;;;;;;;;;;;;;;;
1430;64;;;;;;;;;;;;;;;;;;;;;;;;;;;;;
1431;395;;;;;;;;;;;;;;;;;;;;;;;;;;;;;
1432;156;;;;;;;;;;;;;;;;;;;;;;;;;;;;;
1433;418;;;;;;;;;;;;;;;;;;;;;;;;;;;;;
1436;311;;;;;;;;;;;;;;;;;;;;;;;;;;;;;
1437;38;;;;;;;;;;;;;;;;;;;;;;;;;;;;;
1439;882;;;;;;;;;;;;;;;;;;;;;;;;;;;;;
1440;350;;;;;;;;;;;;;;;;;;;;;;;;;;;;;
1441;249;;;;;;;;;;;;;;;;;;;;;;;;;;;;;
1442;267;;;;;;;;;;;;;;;;;;;;;;;;;;;;;
1443;148;;;;;;;;;;;;;;;;;;;;;;;;;;;;;
1444;1518;;;;;;;;;;;;;;;;;;;;;;;;;;;;;
1445;255;;;;;;;;;;;;;;;;;;;;;;;;;;;;;
1446;427;;;;;;;;;;;;;;;;;;;;;;;;;;;;;
1447;103;;;;;;;;;;;;;;;;;;;;;;;;;;;;;
1449;29;;;;;;;;;;;;;;;;;;;;;;;;;;;;;
1452;1093;;;;;;;;;;;;;;;;;;;;;;;;;;;;;
1454;298;;;;;;;;;;;;;;;;;;;;;;;;;;;;;
1456;339;;;;;;;;;;;;;;;;;;;;;;;;;;;;;
1458;238;;;;;;;;;;;;;;;;;;;;;;;;;;;;;
1459;1;;;;;;;;;;;;;;;;;;;;;;;;;;;;;
1460;54;;;;;;;;;;;;;;;;;;;;;;;;;;;;;
1461;1607;;;;;;;;;;;;;;;;;;;;;;;;;;;;;
1462;726;;;;;;;;;;;;;;;;;;;;;;;;;;;;;
1463;91;;;;;;;;;;;;;;;;;;;;;;;;;;;;;
1464;1031;;;;;;;;;;;;;;;;;;;;;;;;;;;;;
1465;601;;;;;;;;;;;;;;;;;;;;;;;;;;;;;
1466;135;;;;;;;;;;;;;;;;;;;;;;;;;;;;;
1467;112;;;;;;;;;;;;;;;;;;;;;;;;;;;;;
1469;11;;;;;;;;;;;;;;;;;;;;;;;;;;;;;
1470;13;;;;;;;;;;;;;;;;;;;;;;;;;;;;;
1471;4;;;;;;;;;;;;;;;;;;;;;;;;;;;;;
1472;356;;;;;;;;;;;;;;;;;;;;;;;;;;;;;
1473;602;;;;;;;;;;;;;;;;;;;;;;;;;;;;;
1474;1037;;;;;;;;;;;;;;;;;;;;;;;;;;;;;
1475;495;;;;;;;;;;;;;;;;;;;;;;;;;;;;;
1476;168;;;;;;;;;;;;;;;;;;;;;;;;;;;;;
1477;300;;;;;;;;;;;;;;;;;;;;;;;;;;;;;
1478;263;;;;;;;;;;;;;;;;;;;;;;;;;;;;;
1480;1671;;;;;;;;;;;;;;;;;;;;;;;;;;;;;
1481;642;;;;;;;;;;;;;;;;;;;;;;;;;;;;;
1482;368;;;;;;;;;;;;;;;;;;;;;;;;;;;;;
1483;151;;;;;;;;;;;;;;;;;;;;;;;;;;;;;
1484;756;;;;;;;;;;;;;;;;;;;;;;;;;;;;;
1485;193;;;;;;;;;;;;;;;;;;;;;;;;;;;;;
1486;422;;;;;;;;;;;;;;;;;;;;;;;;;;;;;
1487;148;;;;;;;;;;;;;;;;;;;;;;;;;;;;;
1488;3458;;;;;;;;;;;;;;;;;;;;;;;;;;;;;
1489;303;;;;;;;;;;;;;;;;;;;;;;;;;;;;;
1490;245;;;;;;;;;;;;;;;;;;;;;;;;;;;;;
1492;584;;;;;;;;;;;;;;;;;;;;;;;;;;;;;
1493;321;;;;;;;;;;;;;;;;;;;;;;;;;;;;;
1494;160;;;;;;;;;;;;;;;;;;;;;;;;;;;;;
1495;744;;;;;;;;;;;;;;;;;;;;;;;;;;;;;
1496;267;;;;;;;;;;;;;;;;;;;;;;;;;;;;;
1497;273;;;;;;;;;;;;;;;;;;;;;;;;;;;;;
1498;329;;;;;;;;;;;;;;;;;;;;;;;;;;;;;
1501;94;;;;;;;;;;;;;;;;;;;;;;;;;;;;;
1502;968;;;;;;;;;;;;;;;;;;;;;;;;;;;;;
1504;477;;;;;;;;;;;;;;;;;;;;;;;;;;;;;
1508;609;;;;;;;;;;;;;;;;;;;;;;;;;;;;;
1510;337;;;;;;;;;;;;;;;;;;;;;;;;;;;;;
1512;44;;;;;;;;;;;;;;;;;;;;;;;;;;;;;
1513;258;;;;;;;;;;;;;;;;;;;;;;;;;;;;;
1514;585;;;;;;;;;;;;;;;;;;;;;;;;;;;;;
1515;205;;;;;;;;;;;;;;;;;;;;;;;;;;;;;
1516;49;;;;;;;;;;;;;;;;;;;;;;;;;;;;;
1517;1638;;;;;;;;;;;;;;;;;;;;;;;;;;;;;
1518;624;;;;;;;;;;;;;;;;;;;;;;;;;;;;;
1519;104;;;;;;;;;;;;;;;;;;;;;;;;;;;;;
1521;182;;;;;;;;;;;;;;;;;;;;;;;;;;;;;
1522;252;;;;;;;;;;;;;;;;;;;;;;;;;;;;;
1523;34;;;;;;;;;;;;;;;;;;;;;;;;;;;;;
1524;190;;;;;;;;;;;;;;;;;;;;;;;;;;;;;
1525;234;;;;;;;;;;;;;;;;;;;;;;;;;;;;;
1527;304;;;;;;;;;;;;;;;;;;;;;;;;;;;;;
1529;624;;;;;;;;;;;;;;;;;;;;;;;;;;;;;
1530;7;;;;;;;;;;;;;;;;;;;;;;;;;;;;;
1531;13;;;;;;;;;;;;;;;;;;;;;;;;;;;;;
1533;89;;;;;;;;;;;;;;;;;;;;;;;;;;;;;
1534;42;;;;;;;;;;;;;;;;;;;;;;;;;;;;;
1535;554;;;;;;;;;;;;;;;;;;;;;;;;;;;;;
1536;334;;;;;;;;;;;;;;;;;;;;;;;;;;;;;
1537;63;;;;;;;;;;;;;;;;;;;;;;;;;;;;;
1538;685;;;;;;;;;;;;;;;;;;;;;;;;;;;;;
1539;218;;;;;;;;;;;;;;;;;;;;;;;;;;;;;
1541;147;;;;;;;;;;;;;;;;;;;;;;;;;;;;;
1542;243;;;;;;;;;;;;;;;;;;;;;;;;;;;;;
1544;247;;;;;;;;;;;;;;;;;;;;;;;;;;;;;
1545;28;;;;;;;;;;;;;;;;;;;;;;;;;;;;;
1546;70;;;;;;;;;;;;;;;;;;;;;;;;;;;;;
1549;520;;;;;;;;;;;;;;;;;;;;;;;;;;;;;
1550;884;;;;;;;;;;;;;;;;;;;;;;;;;;;;;
1551;329;;;;;;;;;;;;;;;;;;;;;;;;;;;;;
1552;246;;;;;;;;;;;;;;;;;;;;;;;;;;;;;
1553;477;;;;;;;;;;;;;;;;;;;;;;;;;;;;;
1554;513;;;;;;;;;;;;;;;;;;;;;;;;;;;;;
1555;70;;;;;;;;;;;;;;;;;;;;;;;;;;;;;
1556;627;;;;;;;;;;;;;;;;;;;;;;;;;;;;;
1557;239;;;;;;;;;;;;;;;;;;;;;;;;;;;;;
1558;19;;;;;;;;;;;;;;;;;;;;;;;;;;;;;
1559;508;;;;;;;;;;;;;;;;;;;;;;;;;;;;;
1560;394;;;;;;;;;;;;;;;;;;;;;;;;;;;;;
1563;21;;;;;;;;;;;;;;;;;;;;;;;;;;;;;
1564;184;;;;;;;;;;;;;;;;;;;;;;;;;;;;;
1565;589;;;;;;;;;;;;;;;;;;;;;;;;;;;;;
1566;611;;;;;;;;;;;;;;;;;;;;;;;;;;;;;
1567;560;;;;;;;;;;;;;;;;;;;;;;;;;;;;;
1568;562;;;;;;;;;;;;;;;;;;;;;;;;;;;;;
1569;165;;;;;;;;;;;;;;;;;;;;;;;;;;;;;
1570;1019;;;;;;;;;;;;;;;;;;;;;;;;;;;;;
1571;24;;;;;;;;;;;;;;;;;;;;;;;;;;;;;
1572;27;;;;;;;;;;;;;;;;;;;;;;;;;;;;;
1574;293;;;;;;;;;;;;;;;;;;;;;;;;;;;;;
1575;1165;;;;;;;;;;;;;;;;;;;;;;;;;;;;;
1576;105;;;;;;;;;;;;;;;;;;;;;;;;;;;;;
1577;1041;;;;;;;;;;;;;;;;;;;;;;;;;;;;;
1578;62;;;;;;;;;;;;;;;;;;;;;;;;;;;;;
1579;124;;;;;;;;;;;;;;;;;;;;;;;;;;;;;
1580;230;;;;;;;;;;;;;;;;;;;;;;;;;;;;;
1581;417;;;;;;;;;;;;;;;;;;;;;;;;;;;;;
1582;20;;;;;;;;;;;;;;;;;;;;;;;;;;;;;
1583;992;;;;;;;;;;;;;;;;;;;;;;;;;;;;;
1584;46;;;;;;;;;;;;;;;;;;;;;;;;;;;;;
1585;253;;;;;;;;;;;;;;;;;;;;;;;;;;;;;
1586;161;;;;;;;;;;;;;;;;;;;;;;;;;;;;;
1587;199;;;;;;;;;;;;;;;;;;;;;;;;;;;;;
1588;7;;;;;;;;;;;;;;;;;;;;;;;;;;;;;
1590;119;;;;;;;;;;;;;;;;;;;;;;;;;;;;;
1591;172;;;;;;;;;;;;;;;;;;;;;;;;;;;;;
1592;25;;;;;;;;;;;;;;;;;;;;;;;;;;;;;
1593;22;;;;;;;;;;;;;;;;;;;;;;;;;;;;;
1594;21;;;;;;;;;;;;;;;;;;;;;;;;;;;;;
1595;4822;;;;;;;;;;;;;;;;;;;;;;;;;;;;;
1598;32;;;;;;;;;;;;;;;;;;;;;;;;;;;;;
1599;1505;;;;;;;;;;;;;;;;;;;;;;;;;;;;;
1600;19;;;;;;;;;;;;;;;;;;;;;;;;;;;;;
1603;409;;;;;;;;;;;;;;;;;;;;;;;;;;;;;
1605;128;;;;;;;;;;;;;;;;;;;;;;;;;;;;;
1606;36;;;;;;;;;;;;;;;;;;;;;;;;;;;;;
1608;357;;;;;;;;;;;;;;;;;;;;;;;;;;;;;
1609;186;;;;;;;;;;;;;;;;;;;;;;;;;;;;;
1610;38;;;;;;;;;;;;;;;;;;;;;;;;;;;;;
1611;484;;;;;;;;;;;;;;;;;;;;;;;;;;;;;
1612;225;;;;;;;;;;;;;;;;;;;;;;;;;;;;;
1613;2;;;;;;;;;;;;;;;;;;;;;;;;;;;;;
1614;519;;;;;;;;;;;;;;;;;;;;;;;;;;;;;
1615;62;;;;;;;;;;;;;;;;;;;;;;;;;;;;;
1616;381;;;;;;;;;;;;;;;;;;;;;;;;;;;;;
1617;97;;;;;;;;;;;;;;;;;;;;;;;;;;;;;
1618;869;;;;;;;;;;;;;;;;;;;;;;;;;;;;;
1619;386;;;;;;;;;;;;;;;;;;;;;;;;;;;;;
1620;168;;;;;;;;;;;;;;;;;;;;;;;;;;;;;
1621;4210;;;;;;;;;;;;;;;;;;;;;;;;;;;;;
1622;234;;;;;;;;;;;;;;;;;;;;;;;;;;;;;
1623;44;;;;;;;;;;;;;;;;;;;;;;;;;;;;;
1624;469;;;;;;;;;;;;;;;;;;;;;;;;;;;;;
1625;455;;;;;;;;;;;;;;;;;;;;;;;;;;;;;
1626;263;;;;;;;;;;;;;;;;;;;;;;;;;;;;;
1627;92;;;;;;;;;;;;;;;;;;;;;;;;;;;;;
1628;141;;;;;;;;;;;;;;;;;;;;;;;;;;;;;
1629;29;;;;;;;;;;;;;;;;;;;;;;;;;;;;;
1630;244;;;;;;;;;;;;;;;;;;;;;;;;;;;;;
1631;37;;;;;;;;;;;;;;;;;;;;;;;;;;;;;
1632;342;;;;;;;;;;;;;;;;;;;;;;;;;;;;;
1633;122;;;;;;;;;;;;;;;;;;;;;;;;;;;;;
1634;52;;;;;;;;;;;;;;;;;;;;;;;;;;;;;
1635;308;;;;;;;;;;;;;;;;;;;;;;;;;;;;;
1636;78;;;;;;;;;;;;;;;;;;;;;;;;;;;;;
1637;1848;;;;;;;;;;;;;;;;;;;;;;;;;;;;;
1638;190;;;;;;;;;;;;;;;;;;;;;;;;;;;;;
1639;22;;;;;;;;;;;;;;;;;;;;;;;;;;;;;
1640;292;;;;;;;;;;;;;;;;;;;;;;;;;;;;;
1641;947;;;;;;;;;;;;;;;;;;;;;;;;;;;;;
1642;382;;;;;;;;;;;;;;;;;;;;;;;;;;;;;
1643;188;;;;;;;;;;;;;;;;;;;;;;;;;;;;;
1644;32;;;;;;;;;;;;;;;;;;;;;;;;;;;;;
1645;94;;;;;;;;;;;;;;;;;;;;;;;;;;;;;
1646;179;;;;;;;;;;;;;;;;;;;;;;;;;;;;;
1647;18;;;;;;;;;;;;;;;;;;;;;;;;;;;;;
1648;146;;;;;;;;;;;;;;;;;;;;;;;;;;;;;
1650;238;;;;;;;;;;;;;;;;;;;;;;;;;;;;;
1651;89;;;;;;;;;;;;;;;;;;;;;;;;;;;;;
1652;2477;;;;;;;;;;;;;;;;;;;;;;;;;;;;;
1654;769;;;;;;;;;;;;;;;;;;;;;;;;;;;;;
1655;161;;;;;;;;;;;;;;;;;;;;;;;;;;;;;
1656;78;;;;;;;;;;;;;;;;;;;;;;;;;;;;;
1657;6;;;;;;;;;;;;;;;;;;;;;;;;;;;;;
1658;53;;;;;;;;;;;;;;;;;;;;;;;;;;;;;
1659;2;;;;;;;;;;;;;;;;;;;;;;;;;;;;;
1660;582;;;;;;;;;;;;;;;;;;;;;;;;;;;;;
1661;350;;;;;;;;;;;;;;;;;;;;;;;;;;;;;
1662;110;;;;;;;;;;;;;;;;;;;;;;;;;;;;;
1664;733;;;;;;;;;;;;;;;;;;;;;;;;;;;;;
1665;1177;;;;;;;;;;;;;;;;;;;;;;;;;;;;;
1666;91;;;;;;;;;;;;;;;;;;;;;;;;;;;;;
1669;106;;;;;;;;;;;;;;;;;;;;;;;;;;;;;
1670;225;;;;;;;;;;;;;;;;;;;;;;;;;;;;;
1671;332;;;;;;;;;;;;;;;;;;;;;;;;;;;;;
1672;255;;;;;;;;;;;;;;;;;;;;;;;;;;;;;
1673;40;;;;;;;;;;;;;;;;;;;;;;;;;;;;;
1674;2348;;;;;;;;;;;;;;;;;;;;;;;;;;;;;
1675;144;;;;;;;;;;;;;;;;;;;;;;;;;;;;;
1676;440;;;;;;;;;;;;;;;;;;;;;;;;;;;;;
1677;31;;;;;;;;;;;;;;;;;;;;;;;;;;;;;
1679;296;;;;;;;;;;;;;;;;;;;;;;;;;;;;;
1681;100;;;;;;;;;;;;;;;;;;;;;;;;;;;;;
1682;386;;;;;;;;;;;;;;;;;;;;;;;;;;;;;
1683;20;;;;;;;;;;;;;;;;;;;;;;;;;;;;;
1684;134;;;;;;;;;;;;;;;;;;;;;;;;;;;;;
1685;278;;;;;;;;;;;;;;;;;;;;;;;;;;;;;
1686;31;;;;;;;;;;;;;;;;;;;;;;;;;;;;;
1687;807;;;;;;;;;;;;;;;;;;;;;;;;;;;;;
1688;103;;;;;;;;;;;;;;;;;;;;;;;;;;;;;
1689;637;;;;;;;;;;;;;;;;;;;;;;;;;;;;;
1692;23;;;;;;;;;;;;;;;;;;;;;;;;;;;;;
1694;609;;;;;;;;;;;;;;;;;;;;;;;;;;;;;
1695;139;;;;;;;;;;;;;;;;;;;;;;;;;;;;;
1696;46;;;;;;;;;;;;;;;;;;;;;;;;;;;;;
1697;68;;;;;;;;;;;;;;;;;;;;;;;;;;;;;
1698;277;;;;;;;;;;;;;;;;;;;;;;;;;;;;;
1699;151;;;;;;;;;;;;;;;;;;;;;;;;;;;;;
1700;254;;;;;;;;;;;;;;;;;;;;;;;;;;;;;
1701;282;;;;;;;;;;;;;;;;;;;;;;;;;;;;;
1702;68;;;;;;;;;;;;;;;;;;;;;;;;;;;;;
1703;10;;;;;;;;;;;;;;;;;;;;;;;;;;;;;
1704;61;;;;;;;;;;;;;;;;;;;;;;;;;;;;;
1705;34;;;;;;;;;;;;;;;;;;;;;;;;;;;;;
1706;1061;;;;;;;;;;;;;;;;;;;;;;;;;;;;;
1707;231;;;;;;;;;;;;;;;;;;;;;;;;;;;;;
1708;529;;;;;;;;;;;;;;;;;;;;;;;;;;;;;
1709;227;;;;;;;;;;;;;;;;;;;;;;;;;;;;;
1710;658;;;;;;;;;;;;;;;;;;;;;;;;;;;;;
1711;199;;;;;;;;;;;;;;;;;;;;;;;;;;;;;
1712;4;;;;;;;;;;;;;;;;;;;;;;;;;;;;;
1713;21;;;;;;;;;;;;;;;;;;;;;;;;;;;;;
1714;885;;;;;;;;;;;;;;;;;;;;;;;;;;;;;
1715;2014;;;;;;;;;;;;;;;;;;;;;;;;;;;;;
1716;411;;;;;;;;;;;;;;;;;;;;;;;;;;;;;
1717;247;;;;;;;;;;;;;;;;;;;;;;;;;;;;;
1718;70;;;;;;;;;;;;;;;;;;;;;;;;;;;;;
1719;31;;;;;;;;;;;;;;;;;;;;;;;;;;;;;
1720;33;;;;;;;;;;;;;;;;;;;;;;;;;;;;;
1722;358;;;;;;;;;;;;;;;;;;;;;;;;;;;;;
1723;5;;;;;;;;;;;;;;;;;;;;;;;;;;;;;
1725;225;;;;;;;;;;;;;;;;;;;;;;;;;;;;;
1726;157;;;;;;;;;;;;;;;;;;;;;;;;;;;;;
1727;29;;;;;;;;;;;;;;;;;;;;;;;;;;;;;
1729;236;;;;;;;;;;;;;;;;;;;;;;;;;;;;;
1730;120;;;;;;;;;;;;;;;;;;;;;;;;;;;;;
1731;178;;;;;;;;;;;;;;;;;;;;;;;;;;;;;
1732;663;;;;;;;;;;;;;;;;;;;;;;;;;;;;;
1733;63;;;;;;;;;;;;;;;;;;;;;;;;;;;;;
1734;132;;;;;;;;;;;;;;;;;;;;;;;;;;;;;
1736;98;;;;;;;;;;;;;;;;;;;;;;;;;;;;;
1738;538;;;;;;;;;;;;;;;;;;;;;;;;;;;;;
1739;79;;;;;;;;;;;;;;;;;;;;;;;;;;;;;
1740;90;;;;;;;;;;;;;;;;;;;;;;;;;;;;;
1741;312;;;;;;;;;;;;;;;;;;;;;;;;;;;;;
1742;111;;;;;;;;;;;;;;;;;;;;;;;;;;;;;
1743;1002;;;;;;;;;;;;;;;;;;;;;;;;;;;;;
1745;110;;;;;;;;;;;;;;;;;;;;;;;;;;;;;
1747;612;;;;;;;;;;;;;;;;;;;;;;;;;;;;;
1748;82;;;;;;;;;;;;;;;;;;;;;;;;;;;;;
1749;219;;;;;;;;;;;;;;;;;;;;;;;;;;;;;
1750;17;;;;;;;;;;;;;;;;;;;;;;;;;;;;;
1751;324;;;;;;;;;;;;;;;;;;;;;;;;;;;;;
1752;262;;;;;;;;;;;;;;;;;;;;;;;;;;;;;
1753;180;;;;;;;;;;;;;;;;;;;;;;;;;;;;;
1754;162;;;;;;;;;;;;;;;;;;;;;;;;;;;;;
1755;48;;;;;;;;;;;;;;;;;;;;;;;;;;;;;
1756;134;;;;;;;;;;;;;;;;;;;;;;;;;;;;;
1757;161;;;;;;;;;;;;;;;;;;;;;;;;;;;;;
1758;48;;;;;;;;;;;;;;;;;;;;;;;;;;;;;
1759;368;;;;;;;;;;;;;;;;;;;;;;;;;;;;;
1760;235;;;;;;;;;;;;;;;;;;;;;;;;;;;;;
1761;773;;;;;;;;;;;;;;;;;;;;;;;;;;;;;
1762;681;;;;;;;;;;;;;;;;;;;;;;;;;;;;;
1763;109;;;;;;;;;;;;;;;;;;;;;;;;;;;;;
1765;95;;;;;;;;;;;;;;;;;;;;;;;;;;;;;
1766;681;;;;;;;;;;;;;;;;;;;;;;;;;;;;;
1767;42;;;;;;;;;;;;;;;;;;;;;;;;;;;;;
1769;109;;;;;;;;;;;;;;;;;;;;;;;;;;;;;
1770;153;;;;;;;;;;;;;;;;;;;;;;;;;;;;;
1771;436;;;;;;;;;;;;;;;;;;;;;;;;;;;;;
1772;8;;;;;;;;;;;;;;;;;;;;;;;;;;;;;
1773;102;;;;;;;;;;;;;;;;;;;;;;;;;;;;;
1774;375;;;;;;;;;;;;;;;;;;;;;;;;;;;;;
1775;1;;;;;;;;;;;;;;;;;;;;;;;;;;;;;
1776;481;;;;;;;;;;;;;;;;;;;;;;;;;;;;;
1777;365;;;;;;;;;;;;;;;;;;;;;;;;;;;;;
1779;22;;;;;;;;;;;;;;;;;;;;;;;;;;;;;
1780;128;;;;;;;;;;;;;;;;;;;;;;;;;;;;;
1781;97;;;;;;;;;;;;;;;;;;;;;;;;;;;;;
1782;1179;;;;;;;;;;;;;;;;;;;;;;;;;;;;;
1784;58;;;;;;;;;;;;;;;;;;;;;;;;;;;;;
1785;51;;;;;;;;;;;;;;;;;;;;;;;;;;;;;
1786;50;;;;;;;;;;;;;;;;;;;;;;;;;;;;;
1787;267;;;;;;;;;;;;;;;;;;;;;;;;;;;;;
1788;1512;;;;;;;;;;;;;;;;;;;;;;;;;;;;;
1791;154;;;;;;;;;;;;;;;;;;;;;;;;;;;;;
1792;427;;;;;;;;;;;;;;;;;;;;;;;;;;;;;
1793;98;;;;;;;;;;;;;;;;;;;;;;;;;;;;;
1794;116;;;;;;;;;;;;;;;;;;;;;;;;;;;;;
1795;1646;;;;;;;;;;;;;;;;;;;;;;;;;;;;;
1796;31;;;;;;;;;;;;;;;;;;;;;;;;;;;;;
1797;59;;;;;;;;;;;;;;;;;;;;;;;;;;;;;
1799;304;;;;;;;;;;;;;;;;;;;;;;;;;;;;;
1800;541;;;;;;;;;;;;;;;;;;;;;;;;;;;;;
1802;118;;;;;;;;;;;;;;;;;;;;;;;;;;;;;
1803;7;;;;;;;;;;;;;;;;;;;;;;;;;;;;;
1804;441;;;;;;;;;;;;;;;;;;;;;;;;;;;;;
1805;57;;;;;;;;;;;;;;;;;;;;;;;;;;;;;
1807;227;;;;;;;;;;;;;;;;;;;;;;;;;;;;;
1808;146;;;;;;;;;;;;;;;;;;;;;;;;;;;;;
1809;108;;;;;;;;;;;;;;;;;;;;;;;;;;;;;
1810;163;;;;;;;;;;;;;;;;;;;;;;;;;;;;;
1811;80;;;;;;;;;;;;;;;;;;;;;;;;;;;;;
1812;298;;;;;;;;;;;;;;;;;;;;;;;;;;;;;
1813;11;;;;;;;;;;;;;;;;;;;;;;;;;;;;;
1814;595;;;;;;;;;;;;;;;;;;;;;;;;;;;;;
1815;43;;;;;;;;;;;;;;;;;;;;;;;;;;;;;
1816;127;;;;;;;;;;;;;;;;;;;;;;;;;;;;;
1817;71;;;;;;;;;;;;;;;;;;;;;;;;;;;;;
1818;2320;;;;;;;;;;;;;;;;;;;;;;;;;;;;;
1819;480;;;;;;;;;;;;;;;;;;;;;;;;;;;;;
1821;185;;;;;;;;;;;;;;;;;;;;;;;;;;;;;
1822;18;;;;;;;;;;;;;;;;;;;;;;;;;;;;;
1823;152;;;;;;;;;;;;;;;;;;;;;;;;;;;;;
1824;43;;;;;;;;;;;;;;;;;;;;;;;;;;;;;
1825;92;;;;;;;;;;;;;;;;;;;;;;;;;;;;;
1826;79;;;;;;;;;;;;;;;;;;;;;;;;;;;;;
1827;437;;;;;;;;;;;;;;;;;;;;;;;;;;;;;
1828;119;;;;;;;;;;;;;;;;;;;;;;;;;;;;;
1829;801;;;;;;;;;;;;;;;;;;;;;;;;;;;;;
1830;716;;;;;;;;;;;;;;;;;;;;;;;;;;;;;
1831;7;;;;;;;;;;;;;;;;;;;;;;;;;;;;;
1832;776;;;;;;;;;;;;;;;;;;;;;;;;;;;;;
1834;98;;;;;;;;;;;;;;;;;;;;;;;;;;;;;
1835;120;;;;;;;;;;;;;;;;;;;;;;;;;;;;;
1836;623;;;;;;;;;;;;;;;;;;;;;;;;;;;;;
1837;17;;;;;;;;;;;;;;;;;;;;;;;;;;;;;
1838;282;;;;;;;;;;;;;;;;;;;;;;;;;;;;;
1842;74;;;;;;;;;;;;;;;;;;;;;;;;;;;;;
1843;70;;;;;;;;;;;;;;;;;;;;;;;;;;;;;
1844;3;;;;;;;;;;;;;;;;;;;;;;;;;;;;;
1846;143;;;;;;;;;;;;;;;;;;;;;;;;;;;;;
1847;73;;;;;;;;;;;;;;;;;;;;;;;;;;;;;
1848;754;;;;;;;;;;;;;;;;;;;;;;;;;;;;;
1851;259;;;;;;;;;;;;;;;;;;;;;;;;;;;;;
1852;507;;;;;;;;;;;;;;;;;;;;;;;;;;;;;
1856;261;;;;;;;;;;;;;;;;;;;;;;;;;;;;;
1857;737;;;;;;;;;;;;;;;;;;;;;;;;;;;;;
1858;2;;;;;;;;;;;;;;;;;;;;;;;;;;;;;
1859;16;;;;;;;;;;;;;;;;;;;;;;;;;;;;;
1860;337;;;;;;;;;;;;;;;;;;;;;;;;;;;;;
1861;247;;;;;;;;;;;;;;;;;;;;;;;;;;;;;
1862;583;;;;;;;;;;;;;;;;;;;;;;;;;;;;;
1863;705;;;;;;;;;;;;;;;;;;;;;;;;;;;;;
1864;112;;;;;;;;;;;;;;;;;;;;;;;;;;;;;
1865;8;;;;;;;;;;;;;;;;;;;;;;;;;;;;;
1866;34;;;;;;;;;;;;;;;;;;;;;;;;;;;;;
1868;328;;;;;;;;;;;;;;;;;;;;;;;;;;;;;
1869;375;;;;;;;;;;;;;;;;;;;;;;;;;;;;;
1870;84;;;;;;;;;;;;;;;;;;;;;;;;;;;;;
1871;85;;;;;;;;;;;;;;;;;;;;;;;;;;;;;
1872;55;;;;;;;;;;;;;;;;;;;;;;;;;;;;;
1874;152;;;;;;;;;;;;;;;;;;;;;;;;;;;;;
1878;66;;;;;;;;;;;;;;;;;;;;;;;;;;;;;
1879;147;;;;;;;;;;;;;;;;;;;;;;;;;;;;;
1880;43;;;;;;;;;;;;;;;;;;;;;;;;;;;;;
1881;102;;;;;;;;;;;;;;;;;;;;;;;;;;;;;
1882;458;;;;;;;;;;;;;;;;;;;;;;;;;;;;;
1883;42;;;;;;;;;;;;;;;;;;;;;;;;;;;;;
1884;49;;;;;;;;;;;;;;;;;;;;;;;;;;;;;
1885;14;;;;;;;;;;;;;;;;;;;;;;;;;;;;;
1887;49;;;;;;;;;;;;;;;;;;;;;;;;;;;;;
1888;107;;;;;;;;;;;;;;;;;;;;;;;;;;;;;
1889;136;;;;;;;;;;;;;;;;;;;;;;;;;;;;;
1890;604;;;;;;;;;;;;;;;;;;;;;;;;;;;;;
1891;77;;;;;;;;;;;;;;;;;;;;;;;;;;;;;
1892;3866;;;;;;;;;;;;;;;;;;;;;;;;;;;;;
1894;163;;;;;;;;;;;;;;;;;;;;;;;;;;;;;
1895;324;;;;;;;;;;;;;;;;;;;;;;;;;;;;;
1896;1131;;;;;;;;;;;;;;;;;;;;;;;;;;;;;
1897;312;;;;;;;;;;;;;;;;;;;;;;;;;;;;;
1898;65;;;;;;;;;;;;;;;;;;;;;;;;;;;;;
1899;114;;;;;;;;;;;;;;;;;;;;;;;;;;;;;
1900;105;;;;;;;;;;;;;;;;;;;;;;;;;;;;;
1901;23;;;;;;;;;;;;;;;;;;;;;;;;;;;;;
1902;148;;;;;;;;;;;;;;;;;;;;;;;;;;;;;
1904;12;;;;;;;;;;;;;;;;;;;;;;;;;;;;;
1905;269;;;;;;;;;;;;;;;;;;;;;;;;;;;;;
1906;99;;;;;;;;;;;;;;;;;;;;;;;;;;;;;
1907;832;;;;;;;;;;;;;;;;;;;;;;;;;;;;;
1908;540;;;;;;;;;;;;;;;;;;;;;;;;;;;;;
1909;166;;;;;;;;;;;;;;;;;;;;;;;;;;;;;
1911;224;;;;;;;;;;;;;;;;;;;;;;;;;;;;;
1912;5;;;;;;;;;;;;;;;;;;;;;;;;;;;;;
1913;19;;;;;;;;;;;;;;;;;;;;;;;;;;;;;
1914;550;;;;;;;;;;;;;;;;;;;;;;;;;;;;;
1915;1770;;;;;;;;;;;;;;;;;;;;;;;;;;;;;
1916;129;;;;;;;;;;;;;;;;;;;;;;;;;;;;;
1917;1;;;;;;;;;;;;;;;;;;;;;;;;;;;;;
1918;317;;;;;;;;;;;;;;;;;;;;;;;;;;;;;
1919;32;;;;;;;;;;;;;;;;;;;;;;;;;;;;;
1920;37;;;;;;;;;;;;;;;;;;;;;;;;;;;;;
1921;17;;;;;;;;;;;;;;;;;;;;;;;;;;;;;
1923;11;;;;;;;;;;;;;;;;;;;;;;;;;;;;;
1925;7;;;;;;;;;;;;;;;;;;;;;;;;;;;;;
1926;22;;;;;;;;;;;;;;;;;;;;;;;;;;;;;
1927;9;;;;;;;;;;;;;;;;;;;;;;;;;;;;;
1928;15;;;;;;;;;;;;;;;;;;;;;;;;;;;;;
1929;78;;;;;;;;;;;;;;;;;;;;;;;;;;;;;
1930;4;;;;;;;;;;;;;;;;;;;;;;;;;;;;;
1933;351;;;;;;;;;;;;;;;;;;;;;;;;;;;;;
1934;117;;;;;;;;;;;;;;;;;;;;;;;;;;;;;
1935;1222;;;;;;;;;;;;;;;;;;;;;;;;;;;;;
1936;307;;;;;;;;;;;;;;;;;;;;;;;;;;;;;
1937;827;;;;;;;;;;;;;;;;;;;;;;;;;;;;;
1939;60;;;;;;;;;;;;;;;;;;;;;;;;;;;;;
1940;142;;;;;;;;;;;;;;;;;;;;;;;;;;;;;
1941;676;;;;;;;;;;;;;;;;;;;;;;;;;;;;;
1942;718;;;;;;;;;;;;;;;;;;;;;;;;;;;;;
1945;54;;;;;;;;;;;;;;;;;;;;;;;;;;;;;
1946;144;;;;;;;;;;;;;;;;;;;;;;;;;;;;;
1947;61;;;;;;;;;;;;;;;;;;;;;;;;;;;;;
1949;117;;;;;;;;;;;;;;;;;;;;;;;;;;;;;
1950;317;;;;;;;;;;;;;;;;;;;;;;;;;;;;;
1951;223;;;;;;;;;;;;;;;;;;;;;;;;;;;;;
1952;439;;;;;;;;;;;;;;;;;;;;;;;;;;;;;
1953;529;;;;;;;;;;;;;;;;;;;;;;;;;;;;;
1954;35;;;;;;;;;;;;;;;;;;;;;;;;;;;;;
1955;202;;;;;;;;;;;;;;;;;;;;;;;;;;;;;
1957;194;;;;;;;;;;;;;;;;;;;;;;;;;;;;;
1958;6;;;;;;;;;;;;;;;;;;;;;;;;;;;;;
1960;15;;;;;;;;;;;;;;;;;;;;;;;;;;;;;
1962;6;;;;;;;;;;;;;;;;;;;;;;;;;;;;;
1967;1286;;;;;;;;;;;;;;;;;;;;;;;;;;;;;
1968;9;;;;;;;;;;;;;;;;;;;;;;;;;;;;;
1969;25;;;;;;;;;;;;;;;;;;;;;;;;;;;;;
1970;391;;;;;;;;;;;;;;;;;;;;;;;;;;;;;
1971;154;;;;;;;;;;;;;;;;;;;;;;;;;;;;;
1973;104;;;;;;;;;;;;;;;;;;;;;;;;;;;;;
1975;28;;;;;;;;;;;;;;;;;;;;;;;;;;;;;
1976;683;;;;;;;;;;;;;;;;;;;;;;;;;;;;;
1977;120;;;;;;;;;;;;;;;;;;;;;;;;;;;;;
1978;65;;;;;;;;;;;;;;;;;;;;;;;;;;;;;
1980;9;;;;;;;;;;;;;;;;;;;;;;;;;;;;;
1981;246;;;;;;;;;;;;;;;;;;;;;;;;;;;;;
1983;45;;;;;;;;;;;;;;;;;;;;;;;;;;;;;
1984;23;;;;;;;;;;;;;;;;;;;;;;;;;;;;;
1986;392;;;;;;;;;;;;;;;;;;;;;;;;;;;;;
1987;192;;;;;;;;;;;;;;;;;;;;;;;;;;;;;
1988;354;;;;;;;;;;;;;;;;;;;;;;;;;;;;;
1989;55;;;;;;;;;;;;;;;;;;;;;;;;;;;;;
1990;12;;;;;;;;;;;;;;;;;;;;;;;;;;;;;
1993;102;;;;;;;;;;;;;;;;;;;;;;;;;;;;;
1994;131;;;;;;;;;;;;;;;;;;;;;;;;;;;;;
1995;10;;;;;;;;;;;;;;;;;;;;;;;;;;;;;
1996;514;;;;;;;;;;;;;;;;;;;;;;;;;;;;;
1997;137;;;;;;;;;;;;;;;;;;;;;;;;;;;;;
1998;425;;;;;;;;;;;;;;;;;;;;;;;;;;;;;
2000;187;;;;;;;;;;;;;;;;;;;;;;;;;;;;;
2001;224;;;;;;;;;;;;;;;;;;;;;;;;;;;;;
2002;2;;;;;;;;;;;;;;;;;;;;;;;;;;;;;
2003;62;;;;;;;;;;;;;;;;;;;;;;;;;;;;;
2004;142;;;;;;;;;;;;;;;;;;;;;;;;;;;;;
2005;174;;;;;;;;;;;;;;;;;;;;;;;;;;;;;
2006;294;;;;;;;;;;;;;;;;;;;;;;;;;;;;;
2008;12;;;;;;;;;;;;;;;;;;;;;;;;;;;;;
2009;95;;;;;;;;;;;;;;;;;;;;;;;;;;;;;
2011;6;;;;;;;;;;;;;;;;;;;;;;;;;;;;;
2012;17;;;;;;;;;;;;;;;;;;;;;;;;;;;;;
2013;60;;;;;;;;;;;;;;;;;;;;;;;;;;;;;
2014;132;;;;;;;;;;;;;;;;;;;;;;;;;;;;;
2015;251;;;;;;;;;;;;;;;;;;;;;;;;;;;;;
2016;69;;;;;;;;;;;;;;;;;;;;;;;;;;;;;
2018;24;;;;;;;;;;;;;;;;;;;;;;;;;;;;;
2020;11;;;;;;;;;;;;;;;;;;;;;;;;;;;;;
2021;206;;;;;;;;;;;;;;;;;;;;;;;;;;;;;
2022;64;;;;;;;;;;;;;;;;;;;;;;;;;;;;;
2023;4;;;;;;;;;;;;;;;;;;;;;;;;;;;;;
2024;4;;;;;;;;;;;;;;;;;;;;;;;;;;;;;
2025;37;;;;;;;;;;;;;;;;;;;;;;;;;;;;;
2026;214;;;;;;;;;;;;;;;;;;;;;;;;;;;;;
2027;25;;;;;;;;;;;;;;;;;;;;;;;;;;;;;
2029;86;;;;;;;;;;;;;;;;;;;;;;;;;;;;;
2031;79;;;;;;;;;;;;;;;;;;;;;;;;;;;;;
2032;129;;;;;;;;;;;;;;;;;;;;;;;;;;;;;
2033;1;;;;;;;;;;;;;;;;;;;;;;;;;;;;;
2034;56;;;;;;;;;;;;;;;;;;;;;;;;;;;;;
2035;25;;;;;;;;;;;;;;;;;;;;;;;;;;;;;
2036;44;;;;;;;;;;;;;;;;;;;;;;;;;;;;;
2037;102;;;;;;;;;;;;;;;;;;;;;;;;;;;;;
2038;4;;;;;;;;;;;;;;;;;;;;;;;;;;;;;
2039;16;;;;;;;;;;;;;;;;;;;;;;;;;;;;;
2040;384;;;;;;;;;;;;;;;;;;;;;;;;;;;;;
2041;12;;;;;;;;;;;;;;;;;;;;;;;;;;;;;
2042;84;;;;;;;;;;;;;;;;;;;;;;;;;;;;;
2043;86;;;;;;;;;;;;;;;;;;;;;;;;;;;;;
2044;69;;;;;;;;;;;;;;;;;;;;;;;;;;;;;
2045;124;;;;;;;;;;;;;;;;;;;;;;;;;;;;;
2047;115;;;;;;;;;;;;;;;;;;;;;;;;;;;;;
2048;162;;;;;;;;;;;;;;;;;;;;;;;;;;;;;
2049;44;;;;;;;;;;;;;;;;;;;;;;;;;;;;;
2051;70;;;;;;;;;;;;;;;;;;;;;;;;;;;;;
2052;33;;;;;;;;;;;;;;;;;;;;;;;;;;;;;
2054;45;;;;;;;;;;;;;;;;;;;;;;;;;;;;;
2055;26;;;;;;;;;;;;;;;;;;;;;;;;;;;;;
2056;2;;;;;;;;;;;;;;;;;;;;;;;;;;;;;
2058;357;;;;;;;;;;;;;;;;;;;;;;;;;;;;;
2059;58;;;;;;;;;;;;;;;;;;;;;;;;;;;;;
2061;56;;;;;;;;;;;;;;;;;;;;;;;;;;;;;
2062;75;;;;;;;;;;;;;;;;;;;;;;;;;;;;;
2063;272;;;;;;;;;;;;;;;;;;;;;;;;;;;;;
2064;250;;;;;;;;;;;;;;;;;;;;;;;;;;;;;
2065;30;;;;;;;;;;;;;;;;;;;;;;;;;;;;;
2066;78;;;;;;;;;;;;;;;;;;;;;;;;;;;;;
2067;26;;;;;;;;;;;;;;;;;;;;;;;;;;;;;
2068;118;;;;;;;;;;;;;;;;;;;;;;;;;;;;;
2069;43;;;;;;;;;;;;;;;;;;;;;;;;;;;;;
2070;45;;;;;;;;;;;;;;;;;;;;;;;;;;;;;
2071;13;;;;;;;;;;;;;;;;;;;;;;;;;;;;;
2074;41;;;;;;;;;;;;;;;;;;;;;;;;;;;;;
2075;61;;;;;;;;;;;;;;;;;;;;;;;;;;;;;
2076;30;;;;;;;;;;;;;;;;;;;;;;;;;;;;;
2078;226;;;;;;;;;;;;;;;;;;;;;;;;;;;;;
2079;17;;;;;;;;;;;;;;;;;;;;;;;;;;;;;
2080;35;;;;;;;;;;;;;;;;;;;;;;;;;;;;;
2081;441;;;;;;;;;;;;;;;;;;;;;;;;;;;;;
2082;51;;;;;;;;;;;;;;;;;;;;;;;;;;;;;
2084;218;;;;;;;;;;;;;;;;;;;;;;;;;;;;;
2085;132;;;;;;;;;;;;;;;;;;;;;;;;;;;;;
2086;212;;;;;;;;;;;;;;;;;;;;;;;;;;;;;
2087;15;;;;;;;;;;;;;;;;;;;;;;;;;;;;;
2088;61;;;;;;;;;;;;;;;;;;;;;;;;;;;;;
2090;27;;;;;;;;;;;;;;;;;;;;;;;;;;;;;
2091;222;;;;;;;;;;;;;;;;;;;;;;;;;;;;;
2092;106;;;;;;;;;;;;;;;;;;;;;;;;;;;;;
2093;37;;;;;;;;;;;;;;;;;;;;;;;;;;;;;
2094;9;;;;;;;;;;;;;;;;;;;;;;;;;;;;;
2095;14;;;;;;;;;;;;;;;;;;;;;;;;;;;;;
2097;153;;;;;;;;;;;;;;;;;;;;;;;;;;;;;
2099;128;;;;;;;;;;;;;;;;;;;;;;;;;;;;;
2100;256;;;;;;;;;;;;;;;;;;;;;;;;;;;;;
2101;181;;;;;;;;;;;;;;;;;;;;;;;;;;;;;
2102;171;;;;;;;;;;;;;;;;;;;;;;;;;;;;;
2103;7;;;;;;;;;;;;;;;;;;;;;;;;;;;;;
2104;3;;;;;;;;;;;;;;;;;;;;;;;;;;;;;
2105;35;;;;;;;;;;;;;;;;;;;;;;;;;;;;;
2106;16;;;;;;;;;;;;;;;;;;;;;;;;;;;;;
2107;33;;;;;;;;;;;;;;;;;;;;;;;;;;;;;
2108;112;;;;;;;;;;;;;;;;;;;;;;;;;;;;;
2109;642;;;;;;;;;;;;;;;;;;;;;;;;;;;;;
2111;22;;;;;;;;;;;;;;;;;;;;;;;;;;;;;
2112;73;;;;;;;;;;;;;;;;;;;;;;;;;;;;;
2113;7;;;;;;;;;;;;;;;;;;;;;;;;;;;;;
2114;49;;;;;;;;;;;;;;;;;;;;;;;;;;;;;
2115;124;;;;;;;;;;;;;;;;;;;;;;;;;;;;;
2116;161;;;;;;;;;;;;;;;;;;;;;;;;;;;;;
2117;14;;;;;;;;;;;;;;;;;;;;;;;;;;;;;
2120;248;;;;;;;;;;;;;;;;;;;;;;;;;;;;;
2121;83;;;;;;;;;;;;;;;;;;;;;;;;;;;;;
2122;26;;;;;;;;;;;;;;;;;;;;;;;;;;;;;
2123;15;;;;;;;;;;;;;;;;;;;;;;;;;;;;;
2124;29;;;;;;;;;;;;;;;;;;;;;;;;;;;;;
2126;30;;;;;;;;;;;;;;;;;;;;;;;;;;;;;
2127;83;;;;;;;;;;;;;;;;;;;;;;;;;;;;;
2129;16;;;;;;;;;;;;;;;;;;;;;;;;;;;;;
2130;63;;;;;;;;;;;;;;;;;;;;;;;;;;;;;
2131;67;;;;;;;;;;;;;;;;;;;;;;;;;;;;;
2135;7;;;;;;;;;;;;;;;;;;;;;;;;;;;;;
2136;190;;;;;;;;;;;;;;;;;;;;;;;;;;;;;
2137;34;;;;;;;;;;;;;;;;;;;;;;;;;;;;;
2138;23;;;;;;;;;;;;;;;;;;;;;;;;;;;;;
2139;26;;;;;;;;;;;;;;;;;;;;;;;;;;;;;
2140;17;;;;;;;;;;;;;;;;;;;;;;;;;;;;;
2141;19;;;;;;;;;;;;;;;;;;;;;;;;;;;;;
2142;22;;;;;;;;;;;;;;;;;;;;;;;;;;;;;
2145;82;;;;;;;;;;;;;;;;;;;;;;;;;;;;;
2146;206;;;;;;;;;;;;;;;;;;;;;;;;;;;;;
2147;10;;;;;;;;;;;;;;;;;;;;;;;;;;;;;
2148;54;;;;;;;;;;;;;;;;;;;;;;;;;;;;;
2149;97;;;;;;;;;;;;;;;;;;;;;;;;;;;;;
2150;15;;;;;;;;;;;;;;;;;;;;;;;;;;;;;
2151;27;;;;;;;;;;;;;;;;;;;;;;;;;;;;;
2152;29;;;;;;;;;;;;;;;;;;;;;;;;;;;;;
2153;86;;;;;;;;;;;;;;;;;;;;;;;;;;;;;
2154;16;;;;;;;;;;;;;;;;;;;;;;;;;;;;;
2155;12;;;;;;;;;;;;;;;;;;;;;;;;;;;;;
2156;856;;;;;;;;;;;;;;;;;;;;;;;;;;;;;
2157;2;;;;;;;;;;;;;;;;;;;;;;;;;;;;;
2158;34;;;;;;;;;;;;;;;;;;;;;;;;;;;;;
2159;48;;;;;;;;;;;;;;;;;;;;;;;;;;;;;
2160;267;;;;;;;;;;;;;;;;;;;;;;;;;;;;;
2161;145;;;;;;;;;;;;;;;;;;;;;;;;;;;;;
2162;51;;;;;;;;;;;;;;;;;;;;;;;;;;;;;
2163;175;;;;;;;;;;;;;;;;;;;;;;;;;;;;;
2164;172;;;;;;;;;;;;;;;;;;;;;;;;;;;;;
2165;6;;;;;;;;;;;;;;;;;;;;;;;;;;;;;
2166;33;;;;;;;;;;;;;;;;;;;;;;;;;;;;;
2167;35;;;;;;;;;;;;;;;;;;;;;;;;;;;;;
2168;84;;;;;;;;;;;;;;;;;;;;;;;;;;;;;
2170;77;;;;;;;;;;;;;;;;;;;;;;;;;;;;;
2171;118;;;;;;;;;;;;;;;;;;;;;;;;;;;;;
2172;73;;;;;;;;;;;;;;;;;;;;;;;;;;;;;
2173;37;;;;;;;;;;;;;;;;;;;;;;;;;;;;;
2174;13;;;;;;;;;;;;;;;;;;;;;;;;;;;;;
2175;33;;;;;;;;;;;;;;;;;;;;;;;;;;;;;
2176;198;;;;;;;;;;;;;;;;;;;;;;;;;;;;;
2177;16;;;;;;;;;;;;;;;;;;;;;;;;;;;;;
2178;63;;;;;;;;;;;;;;;;;;;;;;;;;;;;;
2180;98;;;;;;;;;;;;;;;;;;;;;;;;;;;;;
2181;81;;;;;;;;;;;;;;;;;;;;;;;;;;;;;
2182;64;;;;;;;;;;;;;;;;;;;;;;;;;;;;;
2183;59;;;;;;;;;;;;;;;;;;;;;;;;;;;;;
2184;197;;;;;;;;;;;;;;;;;;;;;;;;;;;;;
2185;8;;;;;;;;;;;;;;;;;;;;;;;;;;;;;
2186;679;;;;;;;;;;;;;;;;;;;;;;;;;;;;;
2187;420;;;;;;;;;;;;;;;;;;;;;;;;;;;;;
2188;8;;;;;;;;;;;;;;;;;;;;;;;;;;;;;
2189;135;;;;;;;;;;;;;;;;;;;;;;;;;;;;;
2190;192;;;;;;;;;;;;;;;;;;;;;;;;;;;;;
2191;73;;;;;;;;;;;;;;;;;;;;;;;;;;;;;
2192;2;;;;;;;;;;;;;;;;;;;;;;;;;;;;;
2193;32;;;;;;;;;;;;;;;;;;;;;;;;;;;;;
2194;162;;;;;;;;;;;;;;;;;;;;;;;;;;;;;
2195;60;;;;;;;;;;;;;;;;;;;;;;;;;;;;;
2196;73;;;;;;;;;;;;;;;;;;;;;;;;;;;;;
2197;29;;;;;;;;;;;;;;;;;;;;;;;;;;;;;
2198;167;;;;;;;;;;;;;;;;;;;;;;;;;;;;;
2199;340;;;;;;;;;;;;;;;;;;;;;;;;;;;;;
2200;1308;;;;;;;;;;;;;;;;;;;;;;;;;;;;;
2201;138;;;;;;;;;;;;;;;;;;;;;;;;;;;;;
2202;15;;;;;;;;;;;;;;;;;;;;;;;;;;;;;
2203;1125;;;;;;;;;;;;;;;;;;;;;;;;;;;;;
2204;43;;;;;;;;;;;;;;;;;;;;;;;;;;;;;
2206;48;;;;;;;;;;;;;;;;;;;;;;;;;;;;;
2207;684;;;;;;;;;;;;;;;;;;;;;;;;;;;;;
2208;143;;;;;;;;;;;;;;;;;;;;;;;;;;;;;
2209;391;;;;;;;;;;;;;;;;;;;;;;;;;;;;;
2210;227;;;;;;;;;;;;;;;;;;;;;;;;;;;;;
2213;41;;;;;;;;;;;;;;;;;;;;;;;;;;;;;
2214;288;;;;;;;;;;;;;;;;;;;;;;;;;;;;;
2216;212;;;;;;;;;;;;;;;;;;;;;;;;;;;;;
2217;87;;;;;;;;;;;;;;;;;;;;;;;;;;;;;
2218;289;;;;;;;;;;;;;;;;;;;;;;;;;;;;;
2220;228;;;;;;;;;;;;;;;;;;;;;;;;;;;;;
2221;20;;;;;;;;;;;;;;;;;;;;;;;;;;;;;
2222;195;;;;;;;;;;;;;;;;;;;;;;;;;;;;;
2223;855;;;;;;;;;;;;;;;;;;;;;;;;;;;;;
2224;110;;;;;;;;;;;;;;;;;;;;;;;;;;;;;
2225;24;;;;;;;;;;;;;;;;;;;;;;;;;;;;;
2226;125;;;;;;;;;;;;;;;;;;;;;;;;;;;;;
2227;420;;;;;;;;;;;;;;;;;;;;;;;;;;;;;
2228;69;;;;;;;;;;;;;;;;;;;;;;;;;;;;;
2229;209;;;;;;;;;;;;;;;;;;;;;;;;;;;;;
2230;172;;;;;;;;;;;;;;;;;;;;;;;;;;;;;
2231;16;;;;;;;;;;;;;;;;;;;;;;;;;;;;;
2233;56;;;;;;;;;;;;;;;;;;;;;;;;;;;;;
2234;2;;;;;;;;;;;;;;;;;;;;;;;;;;;;;
2235;111;;;;;;;;;;;;;;;;;;;;;;;;;;;;;
2236;64;;;;;;;;;;;;;;;;;;;;;;;;;;;;;
2237;54;;;;;;;;;;;;;;;;;;;;;;;;;;;;;
2238;192;;;;;;;;;;;;;;;;;;;;;;;;;;;;;
2239;37;;;;;;;;;;;;;;;;;;;;;;;;;;;;;
2241;155;;;;;;;;;;;;;;;;;;;;;;;;;;;;;
2243;57;;;;;;;;;;;;;;;;;;;;;;;;;;;;;
2244;188;;;;;;;;;;;;;;;;;;;;;;;;;;;;;
2245;291;;;;;;;;;;;;;;;;;;;;;;;;;;;;;
2246;173;;;;;;;;;;;;;;;;;;;;;;;;;;;;;
2248;41;;;;;;;;;;;;;;;;;;;;;;;;;;;;;
2249;205;;;;;;;;;;;;;;;;;;;;;;;;;;;;;
2250;29;;;;;;;;;;;;;;;;;;;;;;;;;;;;;
2251;108;;;;;;;;;;;;;;;;;;;;;;;;;;;;;
2252;147;;;;;;;;;;;;;;;;;;;;;;;;;;;;;
2253;2;;;;;;;;;;;;;;;;;;;;;;;;;;;;;
2254;214;;;;;;;;;;;;;;;;;;;;;;;;;;;;;
2255;5;;;;;;;;;;;;;;;;;;;;;;;;;;;;;
2256;82;;;;;;;;;;;;;;;;;;;;;;;;;;;;;
2257;72;;;;;;;;;;;;;;;;;;;;;;;;;;;;;
2258;8;;;;;;;;;;;;;;;;;;;;;;;;;;;;;
2259;62;;;;;;;;;;;;;;;;;;;;;;;;;;;;;
2260;42;;;;;;;;;;;;;;;;;;;;;;;;;;;;;
2262;53;;;;;;;;;;;;;;;;;;;;;;;;;;;;;
2263;144;;;;;;;;;;;;;;;;;;;;;;;;;;;;;
2264;13;;;;;;;;;;;;;;;;;;;;;;;;;;;;;
2265;29;;;;;;;;;;;;;;;;;;;;;;;;;;;;;
2266;159;;;;;;;;;;;;;;;;;;;;;;;;;;;;;
2267;122;;;;;;;;;;;;;;;;;;;;;;;;;;;;;
2268;53;;;;;;;;;;;;;;;;;;;;;;;;;;;;;
2269;55;;;;;;;;;;;;;;;;;;;;;;;;;;;;;
2270;670;;;;;;;;;;;;;;;;;;;;;;;;;;;;;
2271;108;;;;;;;;;;;;;;;;;;;;;;;;;;;;;
2272;62;;;;;;;;;;;;;;;;;;;;;;;;;;;;;
2273;43;;;;;;;;;;;;;;;;;;;;;;;;;;;;;
2274;46;;;;;;;;;;;;;;;;;;;;;;;;;;;;;
2275;208;;;;;;;;;;;;;;;;;;;;;;;;;;;;;
2276;29;;;;;;;;;;;;;;;;;;;;;;;;;;;;;
2277;78;;;;;;;;;;;;;;;;;;;;;;;;;;;;;
2278;46;;;;;;;;;;;;;;;;;;;;;;;;;;;;;
2279;324;;;;;;;;;;;;;;;;;;;;;;;;;;;;;
2280;138;;;;;;;;;;;;;;;;;;;;;;;;;;;;;
2282;77;;;;;;;;;;;;;;;;;;;;;;;;;;;;;
2283;337;;;;;;;;;;;;;;;;;;;;;;;;;;;;;
2284;68;;;;;;;;;;;;;;;;;;;;;;;;;;;;;
2285;34;;;;;;;;;;;;;;;;;;;;;;;;;;;;;
2286;210;;;;;;;;;;;;;;;;;;;;;;;;;;;;;
2287;905;;;;;;;;;;;;;;;;;;;;;;;;;;;;;
2289;5;;;;;;;;;;;;;;;;;;;;;;;;;;;;;
2290;210;;;;;;;;;;;;;;;;;;;;;;;;;;;;;
2291;74;;;;;;;;;;;;;;;;;;;;;;;;;;;;;
2292;126;;;;;;;;;;;;;;;;;;;;;;;;;;;;;
2293;97;;;;;;;;;;;;;;;;;;;;;;;;;;;;;
2294;26;;;;;;;;;;;;;;;;;;;;;;;;;;;;;
2295;30;;;;;;;;;;;;;;;;;;;;;;;;;;;;;
2296;33;;;;;;;;;;;;;;;;;;;;;;;;;;;;;
2298;1;;;;;;;;;;;;;;;;;;;;;;;;;;;;;
2300;26;;;;;;;;;;;;;;;;;;;;;;;;;;;;;
2301;116;;;;;;;;;;;;;;;;;;;;;;;;;;;;;
2302;185;;;;;;;;;;;;;;;;;;;;;;;;;;;;;
2304;42;;;;;;;;;;;;;;;;;;;;;;;;;;;;;
2305;4;;;;;;;;;;;;;;;;;;;;;;;;;;;;;
2306;291;;;;;;;;;;;;;;;;;;;;;;;;;;;;;
2307;10;;;;;;;;;;;;;;;;;;;;;;;;;;;;;
2308;3;;;;;;;;;;;;;;;;;;;;;;;;;;;;;
2310;121;;;;;;;;;;;;;;;;;;;;;;;;;;;;;
2312;40;;;;;;;;;;;;;;;;;;;;;;;;;;;;;
2313;116;;;;;;;;;;;;;;;;;;;;;;;;;;;;;
2314;133;;;;;;;;;;;;;;;;;;;;;;;;;;;;;
2316;70;;;;;;;;;;;;;;;;;;;;;;;;;;;;;
2317;101;;;;;;;;;;;;;;;;;;;;;;;;;;;;;
2318;145;;;;;;;;;;;;;;;;;;;;;;;;;;;;;
2319;343;;;;;;;;;;;;;;;;;;;;;;;;;;;;;
2320;23;;;;;;;;;;;;;;;;;;;;;;;;;;;;;
2321;189;;;;;;;;;;;;;;;;;;;;;;;;;;;;;
2322;105;;;;;;;;;;;;;;;;;;;;;;;;;;;;;
2323;761;;;;;;;;;;;;;;;;;;;;;;;;;;;;;
2324;12;;;;;;;;;;;;;;;;;;;;;;;;;;;;;
2325;14;;;;;;;;;;;;;;;;;;;;;;;;;;;;;
2326;393;;;;;;;;;;;;;;;;;;;;;;;;;;;;;
2327;111;;;;;;;;;;;;;;;;;;;;;;;;;;;;;
2328;18;;;;;;;;;;;;;;;;;;;;;;;;;;;;;
2329;2;;;;;;;;;;;;;;;;;;;;;;;;;;;;;
2330;178;;;;;;;;;;;;;;;;;;;;;;;;;;;;;
2332;230;;;;;;;;;;;;;;;;;;;;;;;;;;;;;
2334;114;;;;;;;;;;;;;;;;;;;;;;;;;;;;;
2335;128;;;;;;;;;;;;;;;;;;;;;;;;;;;;;
2336;137;;;;;;;;;;;;;;;;;;;;;;;;;;;;;
2337;37;;;;;;;;;;;;;;;;;;;;;;;;;;;;;
2339;3;;;;;;;;;;;;;;;;;;;;;;;;;;;;;
2340;175;;;;;;;;;;;;;;;;;;;;;;;;;;;;;
2341;2;;;;;;;;;;;;;;;;;;;;;;;;;;;;;
2342;16;;;;;;;;;;;;;;;;;;;;;;;;;;;;;
2343;39;;;;;;;;;;;;;;;;;;;;;;;;;;;;;
2344;54;;;;;;;;;;;;;;;;;;;;;;;;;;;;;
2345;22;;;;;;;;;;;;;;;;;;;;;;;;;;;;;
2346;117;;;;;;;;;;;;;;;;;;;;;;;;;;;;;
2348;143;;;;;;;;;;;;;;;;;;;;;;;;;;;;;
2349;23;;;;;;;;;;;;;;;;;;;;;;;;;;;;;
2350;129;;;;;;;;;;;;;;;;;;;;;;;;;;;;;
2351;131;;;;;;;;;;;;;;;;;;;;;;;;;;;;;
2353;46;;;;;;;;;;;;;;;;;;;;;;;;;;;;;
2354;83;;;;;;;;;;;;;;;;;;;;;;;;;;;;;
2355;371;;;;;;;;;;;;;;;;;;;;;;;;;;;;;
2356;124;;;;;;;;;;;;;;;;;;;;;;;;;;;;;
2357;4;;;;;;;;;;;;;;;;;;;;;;;;;;;;;
2358;293;;;;;;;;;;;;;;;;;;;;;;;;;;;;;
2359;50;;;;;;;;;;;;;;;;;;;;;;;;;;;;;
2360;90;;;;;;;;;;;;;;;;;;;;;;;;;;;;;
2362;39;;;;;;;;;;;;;;;;;;;;;;;;;;;;;
2363;34;;;;;;;;;;;;;;;;;;;;;;;;;;;;;
2364;55;;;;;;;;;;;;;;;;;;;;;;;;;;;;;
